#Id	Organism	TaxonID	Full_Taxonomy	Banfield_tree_name	CDS_GC	CDS_GC_nostartstop	Ribo_prot_GC_nostartstop	CDS_number	Intragenic_GC	Gene_density	Coding_density	Genome_length	Intragenic_length	CDS_length	tRNA_number	All_NC_wright	All_NC_novembre	All_NC_info	Ribo_NC_wright	Ribo_NC_novembre	Ribo_NC_info	Ribo_prot_number	Information_content_all(-20_-4)	Information_content_ribo(-20_-4)	Information_content_all_mean_random(-20_-4)	Information_content_ribo_mean_random(-20_-4)	Mean_binding_all	Mean_binding_ribo	Mean_binding_all_mean_random	Mean_binding_ribo_mean_random	Location_of_best_binding_all	Location_of_best_binding_ribo	ATG_start_percent	16s_copies	23s_copies	CDS_with_SD_utr_motif	Expected_CDS_with_SD_utr_motif	CDS_with_SD_utr_binding	Expected_CDS_with_SD_utr_binding	RP_information_percentile	RP_information_zscore	aSD_binding_score_ribosome	aSD_binding_score_all	Internal_SD_seqs	Mean_folding_init	Mean_folding_internal	Mean_folding_diff	Mean_folding_init_ribo	Mean_folding_internal_ribo	Mean_folding_diff_ribo	aSD_binding_summary	folding_energy_init_summary	folding_energy_diff_summary	NC_summary_info	NC_summary_novembre	SD_summary_all_info	SD_summary_ribo_info	SD_summary_all_motif_diff	SD_summary_all_binding_diff	Domain	Phylum	Class
GCA_000143885	Gordonia sp. KTR9	337191	Bacteria; Actinobacteria; Corynebacteriales; Gordoniaceae; Gordonia.	Bacteria_Actinobacteria_Actinobacteria_Corynebacteriales_Gordoniaceae_Gordonia_sp._KTR9	0.6816786666930766	0.6834768513618128	0.6609947089947089	4741.0	0.6775130593794969	0.904551611894826	0.8907016606599305	5441391.0	519372.0	4846656.0	44.0	36.26908430547218	49.05028829307065	58.53161996524243	30.78645118274036	40.40540910371053	53.36373543547239	59.0	1.4201194898307758	4.3150298119431545	1.0172544136792854	1.8384629622383293	-3.9489767932489377	-6.047288135593218	-2.199289430379754	-2.1602654237288137	17.0	16.0	0.6753849398860999	3.0	3.0	2479.0	1225.2939999999999	2652.0	1483.846	100.0	8.247334539947525	2.8086574440787104	3.3567956220946487	1195.0	-15.76758445945946	-20.804793074324323	5.037208614864865	-11.873214285714285	-19.13928571428571	7.266071428571429	-0.16329209154351157	-0.2469858451532709	0.442479751013123	-0.0882921834871281	-0.17624522689260896	0.4028650761514905	2.476566849704825	0.2644391478591015	0.24639400970259445	Bacteria	Actinobacteria	Actinobacteria
GCA_000018265	Salinispora arenicola CNS-205	391037	Bacteria; Actinobacteria; Micromonosporales; Micromonosporaceae; Salinispora.	Bacteria_Actinobacteria_Actinobacteria_Actinobacteridae_Actinomycetales_Micromonosporineae_Micromonosporaceae_Salinispora_arenicola_CNS_205	0.6996777803728627	0.7015500936009125	0.6806656755863891	4844.0	0.6636770563567288	0.8596157412231971	0.845759018491933	5786361.0	812314.0	4893867.0	51.0	35.93736068227959	50.07686827632934	59.22739878550071	31.775028924300532	42.966288260569584	55.81189947512362	59.0	1.96700264931206	3.75589106996414	1.4666779129226286	2.0597204671314198	-4.7011436829066735	-5.870338983050848	-2.478495441783657	-2.533573898305085	17.0	16.0	0.6081750619322873	3.0	3.0	2829.0	1328.93	3124.0	1798.622	99.98	3.6073237540669454	3.353413169785709	3.6729808065028138	1927.0	-17.787791778558148	-22.084011567857882	4.296219789299731	-15.087719298245617	-19.69122807017544	4.6035087719298255	-0.08700498411299284	-0.15179357358833415	0.07152543345092255	-0.05766755556405141	-0.1419933047035378	0.5003247363894314	1.6961706028327201	0.30967588769611887	0.27361230388109004	Bacteria	Actinobacteria	Actinobacteria
GCA_000062885	Saccharopolyspora erythraea NRRL 2338	405948	Bacteria; Actinobacteria; Pseudonocardiales; Pseudonocardiaceae; Saccharopolyspora.	Bacteria_Actinobacteria_Actinobacteria_Actinobacteridae_Actinomycetales_Pseudonocardineae_Pseudonocardiaceae_Saccharopolyspora_erythraea_NRRL_2338	0.7162171684965436	0.7182310063355799	0.6823127530364372	7004.0	0.7113924628014101	0.8529109116799924	0.8432022920305547	8212805.0	1208014.0	6925056.0	49.0	31.645600528086714	46.158790099379466	58.602287529472854	29.306840498149338	40.386705258534725	54.43396100322277	60.0	2.0202646811588387	3.8559969432638894	1.5616863810221544	2.1237186802226926	-4.805680422675997	-6.214833333333332	-2.568385120662576	-2.6563156666666665	17.0	15.0	0.5946601941747572	4.0	4.0	4321.0	2027.76	4648.0	2744.712	99.99	3.756933589224969	3.209741738930532	3.745443508017541	3255.0	-18.00583190394511	-23.188050314465407	5.1822184105202975	-14.643859649122806	-20.44561403508772	5.8017543859649106	-0.14302759284455344	-0.18671574147516565	0.11955034048486028	-0.07112907536508208	-0.12504844317664074	0.4585783001366843	1.7322782630411968	0.32741861793260996	0.27174300399771567	Bacteria	Actinobacteria	Actinobacteria
GCA_000069225	Clavibacter michiganensis subsp. sepedonicus	31964	Bacteria; Actinobacteria; Micrococcales; Microbacteriaceae; Clavibacter.	Bacteria_Actinobacteria_Actinobacteria_Actinobacteridae_Actinomycetales_Micrococcineae_Microbacteriaceae_Clavibacter_michiganensis_subsp._michiganensis_NCPPB_382	0.7274660669277824	0.7296382230226494	0.6801008651797747	2888.0	0.7265229857128981	0.8902955062610379	0.8457091828045092	3258645.0	357488.0	2755866.0	44.0	29.73249097505105	45.07797887985936	58.38368071476632	28.454772076322488	40.245131947282246	53.12007302262278	54.0	2.613146783841871	3.2849740320026783	2.402018115808964	1.7847262619281552	-4.2206061655697855	-5.517222222222222	-2.1950097609975816	-2.0764114814814807	18.0	16.0	0.6430055401662049	2.0	2.0	1506.0	620.614	1611.0	896.7139999999999	54.23	0.06939081752632506	2.9948349108825423	3.6687008821903775	1685.0	-17.699101318528797	-22.57911172796669	4.880010409437889	-12.08627450980392	-18.85686274509804	6.770588235294117	-0.1836797255887232	-0.3171249606243529	0.3874126625221679	-0.09015546172669228	-0.10721081673731399	0.21112866803290675	1.5002477700745231	0.30657409972299166	0.2473289473684211	Bacteria	Actinobacteria	Actinobacteria
GCA_000260715	Bifidobacterium animalis subsp. animalis ATCC 25527	703613	Bacteria; Actinobacteria; Bifidobacteriales; Bifidobacteriaceae; Bifidobacterium.	Bacteria_Actinobacteria_Actinobacteria_Actinobacteridae_Bifidobacteriales_Bifidobacteriaceae_Bifidobacterium_animalis_animalis_ATCC_25527	0.6139654983239824	0.6155593983005151	0.6163615149883325	1478.0	0.5428254429538517	0.8699524445941492	0.8393976694694916	1932693.0	251342.0	1622298.0	51.0	40.187307409121416	47.628429610072864	57.994745054732896	33.40245506261666	39.70082688336528	51.18185978760124	53.0	1.7887640970674084	3.9874625785507836	0.5441686460808621	1.617593761287762	-4.527726657645472	-6.0313207547169805	-2.200769255751016	-2.195933962264151	18.0	16.0	0.8897158322056834	4.0	4.0	999.0	503.874	909.0	472.574	100.0	4.221980448979084	2.553524464751196	3.388297280696109	834.0	-11.112660798916723	-17.279939065673663	6.16727826675694	-10.353846153846153	-17.009615384615387	6.655769230769232	-0.24636941413045466	-0.0682837943856381	0.07920689530831977	-0.11747418254364173	-0.1664468635982696	1.2445954509865462	2.3698688172630216	0.33499729364005415	0.29528146143437084	Bacteria	Actinobacteria	Actinobacteria
GCA_000023205	Micrococcus luteus NCTC 2665	465515	Bacteria; Actinobacteria; Micrococcales; Micrococcaceae; Micrococcus.	Bacteria_Actinobacteria_Actinobacteria_Actinobacteridae_Actinomycetales_Micrococcineae_Micrococcaceae_Micrococcus_luteus_NCTC_2665	0.7320405583859737	0.734176877358162	0.6863863465534775	2230.0	0.6988813522236201	0.9056442033235816	0.8892310054348153	2501097.0	235993.0	2224053.0	47.0	29.78855144678093	45.048876195041906	58.25349510903041	26.89042105091248	37.88435671423474	50.20613577984395	52.0	2.6433990505019267	4.572499480514586	2.4575558780643987	2.166578913830593	-4.523390134529143	-6.194038461538463	-2.2432423408071798	-2.2736734615384617	17.0	16.0	0.6869955156950672	2.0	2.0	1307.0	487.728	1420.0	719.62	99.9	3.2471840079150485	3.4223738324217976	3.9741230247906665	1690.0	-17.28277254374159	-23.591834903544193	6.309062359802603	-13.24313725490196	-19.58627450980392	6.343137254901963	-0.1388354585218035	-0.23373768755074292	0.0054009444123526585	-0.13814380260145057	-0.15903880598015216	0.18584317243752801	2.405920566683993	0.3673865470852018	0.3140717488789237	Bacteria	Actinobacteria	Actinobacteria
GCA_000012405	Thermobifida fusca YX	269800	Bacteria; Actinobacteria; Streptosporangiales; Nocardiopsaceae; Thermobifida.	Bacteria_Actinobacteria_Actinobacteria_Actinobacteridae_Actinomycetales_Streptosporangineae_Nocardiopsaceae_Thermobifida_fusca_YX	0.6822806519468919	0.6842170668179279	0.6546742603139325	3017.0	0.6336121005854554	0.8366715180648001	0.8268503883177674	3642249.0	594883.0	3011595.0	51.0	36.30590079723208	49.574472957757905	58.821617770499344	34.56890565123586	44.4548933794137	56.53400525919476	50.0	1.7525964973676444	3.4236190749363367	1.0010345551676063	1.8315240853636598	-4.700795492210799	-5.7254000000000005	-2.306350420947968	-2.4352276	17.0	16.0	0.633742127941664	4.0	4.0	2059.0	896.002	2057.0	1019.944	99.14	2.6346456223776284	3.461016290656844	3.712922693015968	1161.0	-15.21760026516407	-19.84709976798144	4.629499502817368	-14.29	-19.065999999999995	4.776	-0.06784585168793356	-0.060955751826884334	0.03164499684976226	-0.03889067655755445	-0.10327047919816655	0.7515619422000381	1.5920949895726768	0.3854816042426251	0.34373748757043426	Bacteria	Actinobacteria	Actinobacteria
GCA_000203835	Streptomyces coelicolor A3(2)	100226	Bacteria; Actinobacteria; Actinobacteridae; Actinomycetales; Streptomycineae; Streptomycetaceae; Streptomyces; Streptomyces albidoflavus group.	Bacteria_Actinobacteria_Actinobacteria_Actinobacteridae_Actinomycetales_Streptomycineae_Streptomycetaceae_Streptomyces_coelicolor_A32	0.7244860407055059	0.7265481840311341	0.6757361162877376	7765.0	0.6899229331085478	0.8955684719954654	0.8887880909701025	8667507.0	905161.0	7703577.0	63.0	31.427542208895666	46.89489352953839	58.67169810692742	29.92817866063951	40.23328776441334	52.01375110554458	62.0	2.02727288529437	2.9021833179677983	1.6185706737829693	1.6095314230807642	-4.486292004634977	-5.5233870967741945	-2.3598486983391296	-2.210804516129032	17.0	15.0	0.6135222150676111	6.0	6.0	4629.0	2069.8	5065.0	2706.462	82.73	0.9471041069371796	3.015536039963162	3.8820117660849305	4678.0	-17.088883116883117	-22.887623376623374	5.79874025974026	-14.076271186440675	-20.11864406779661	6.0423728813559325	-0.22320275628520897	-0.17629074468103217	0.04201474987717168	-0.11347800074320218	-0.14205396928620825	0.40870221151140096	1.292651894887034	0.3295814552479073	0.30373960077269796	Bacteria	Actinobacteria	Actinobacteria
GCA_000007665	Leifsonia xyli subsp. xyli str. CTCB07	281090	Bacteria; Actinobacteria; Micrococcales; Microbacteriaceae; Leifsonia.	Bacteria_Actinobacteria_Actinobacteria_Actinobacteridae_Actinomycetales_Micrococcineae_Microbacteriaceae_Leifsonia_xyli_xyli_CTCB07	0.6836005341893951	0.6857301059958867	0.6631096883197724	2160.0	0.6344126063924367	0.8470132244235841	0.7290483012261634	2584158.0	395342.0	1883976.0	44.0	36.145346507370405	49.58166330971363	59.31981006627112	31.25389962184515	41.631802815727845	54.36659021411247	54.0	1.293625246406419	3.871113693737061	0.9948473417689436	1.738236296138297	-3.5595092592592605	-5.704339622641508	-2.191567018518523	-2.1622513207547174	17.0	16.0	0.5916666666666667	1.0	1.0	1084.0	550.828	1063.0	671.702	100.0	6.382137966790336	3.1223183957788074	3.667825632927416	753.0	-16.119800464037127	-20.619907192575408	4.500106728538283	-12.04	-18.246	6.206	-0.14872769093802876	-0.2530924916309641	0.37907840288397404	-0.08350026486303633	-0.16033872127941132	0.29877790463747544	2.132877397598764	0.24683888888888894	0.1811564814814815	Bacteria	Actinobacteria	Actinobacteria
GCA_000014185	Rubrobacter xylanophilus DSM 9941	266117	Bacteria; Actinobacteria; Rubrobacteria; Rubrobacterales; Rubrobacteraceae; Rubrobacter.	Bacteria_Actinobacteria_Actinobacteria_Rubrobacteridae_Rubrobacterales_Rubrobacterineae_Rubrobacteraceae_Rubrobacter_xylanophilus_DSM_9941	0.7126091330385035	0.7148010554652159	0.6945955215836149	3101.0	0.7025686555963403	0.9063575331985017	0.8899666061949042	3225748.0	302067.0	2870808.0	45.0	32.64747326007814	46.71310340228384	59.11348669515769	31.713001523122568	44.52940333699602	57.377631847684974	50.0	2.3915166860442443	4.573263963185495	1.9468935075603275	2.4802981243060067	-5.125670967741931	-6.858775510204081	-3.208893225806455	-3.2721608163265303	16.0	15.0	0.508223153821348	1.0	1.0	2024.0	1175.39	2307.0	1619.11	99.82	3.160844402656852	4.746236462025339	5.030002357900057	4893.0	-18.715004840271057	-23.19593417231365	4.480929332042594	-13.520833333333336	-21.49791666666667	7.977083333333333	-0.05641466458341481	-0.2775404842942318	0.7802296671563544	-0.029364785339500356	-0.04674705609863335	0.44462317848391675	2.092965838879488	0.27365688487584644	0.22182844243792332	Bacteria	Actinobacteria	Actinobacteria
GCA_000017305	Kineococcus radiotolerans SRS30216 = ATCC BAA-149	266940	Bacteria; Actinobacteria; Kineosporiales; Kineosporiaceae; Kineococcus.	Bacteria_Actinobacteria_Actinobacteria_Actinobacteridae_Actinomycetales_Kineosporiineae_Kineosporiaceae_Kineococcus_radiotolerans_SRS30216	0.7457670032041013	0.7477109985820762	0.6969392875062719	4381.0	0.7280382499778079	0.8947719505845501	0.8751705195956551	4761183.0	501010.0	4166847.0	47.0	29.523812096846186	45.77217911625279	58.742544822612096	28.41243336174961	40.840269393705114	53.153900807716035	59.0	2.7914571191592685	3.9651513461468895	2.81085923118092	2.256051704345478	-4.230123259529776	-6.199491525423729	-2.456327089705556	-2.3594813559322034	17.0	16.0	0.32321387811002056	4.0	4.0	2151.0	978.5160000000001	2649.0	1602.3139999999999	94.49	1.660148648729887	3.2984701841643425	4.0606564688092455	2648.0	-20.175925079945184	-24.224645957058016	4.048720877112837	-14.839285714285715	-21.04642857142857	6.207142857142857	-0.1877002623835372	-0.26450531237172736	0.5331120730578004	-0.09513792825578768	-0.10774906980114586	-0.01940211202165143	1.7090996418014113	0.2676293083770829	0.2389148596210911	Bacteria	Actinobacteria	Actinobacteria
GCA_000008345	Propionibacterium acnes KPA171202	267747	Bacteria; Actinobacteria; Propionibacteriales; Propionibacteriaceae; Propionibacterium.	Bacteria_Actinobacteria_Actinobacteria_Actinobacteridae_Actinomycetales_Propionibacterineae_Propionibacteriaceae_Propionibacterium_acnes_KPA171202	0.6038180962306096	0.6054350246598547	0.6191491140086928	2277.0	0.5696301865513839	0.8817649735476601	0.8612694389057383	2560265.0	302713.0	2205078.0	44.0	48.60975325566103	55.109832275902846	59.448367538532715	36.9298731027026	43.12607036712758	53.32109895660081	59.0	0.9720095214914684	4.00068361141996	0.3960841430547211	1.5610759167018018	-3.9399385155906894	-6.005593220338984	-1.9440980676328548	-2.0699952542372886	18.0	16.0	0.7896354852876593	3.0	3.0	1220.0	543.48	1205.0	590.814	100.0	9.38188213571602	3.1576837601082093	3.4861987862255592	907.0	-13.91523260965884	-16.896933983163493	2.9817013735046523	-11.75357142857143	-16.964285714285715	5.2107142857142845	-0.09423301603320988	-0.15534495482216792	0.7475641028362542	-0.10306874411581428	-0.21745233860955238	0.5759253784367473	2.4396076947181586	0.29711023276240667	0.26973473869126047	Bacteria	Actinobacteria	Actinobacteria
GCA_000445035	Mycobacterium abscessus subsp. bolletii 50594	1303024	Bacteria; Actinobacteria; Corynebacteriales; Mycobacteriaceae; Mycobacterium; Mycobacterium abscessus.	Bacteria_Actinobacteria_Actinobacteria_Actinobacteridae_Actinomycetales_Corynebacterineae_Mycobacteriaceae_Mycobacterium_abscessus_bolletii_50594	0.6461599513179523	0.6480511121219185	0.6528362909059959	4884.0	0.6429209947639549	0.9148290571711916	0.9040670752546808	5000473.0	425895.0	4520763.0	46.0	41.872020155282996	51.935117271354564	59.263382731888726	32.83873708224041	42.11315501255609	54.68901814507971	58.0	1.013164598563577	3.5970805553674685	0.5501324897263462	1.5682467065917491	-3.5849006758140405	-5.688620689655175	-2.0988748801966084	-2.166158965517241	17.0	16.0	0.6734234234234234	1.0	1.0	2314.0	1247.646	2459.0	1423.636	100.0	7.858768497524532	2.85412950197799	3.3029011718101717	936.0	-15.245205761316875	-19.168580246913578	3.923374485596708	-12.157142857142857	-18.178571428571427	6.021428571428572	-0.13587196421812098	-0.2025596080841137	0.5347575393412312	-0.0771870314508325	-0.1891198629143347	0.4630321088372309	2.0288338487757196	0.21833619983619984	0.211990990990991	Bacteria	Actinobacteria	Actinobacteria
GCA_000015025	Acidothermus cellulolyticus 11B	351607	Bacteria; Actinobacteria; Acidothermales; Acidothermaceae; Acidothermus.	Bacteria_Actinobacteria_Actinobacteria_Actinobacteridae_Actinomycetales_Frankineae_Acidothermaceae_Acidothermus_cellulolyticus_11B	0.6675390246372409	0.669271470100796	0.6766614561129269	2083.0	0.6747257723659053	0.8828208255236255	0.8486417247108703	2443540.0	286332.0	2073690.0	45.0	41.548991965663575	52.90252421697718	59.133875930521356	36.64144408859384	48.95368498112285	58.849444255400655	50.0	1.8116304344100749	4.350024761634826	1.4765831280085815	2.647354945565348	-4.253202112337975	-6.187500000000003	-2.550178799807973	-3.0479445833333334	17.0	17.0	0.5405664906385022	1.0	1.0	1131.0	608.764	1201.0	808.288	100.0	5.184161273567554	3.5352909247258486	3.4610759899637094	528.0	-18.2543083573487	-20.507732949087405	2.2534245917387126	-15.014583333333334	-20.783333333333328	5.768750000000002	0.021442734853942755	-0.17747728155973325	1.559992475962513	-0.0048099616445722235	-0.07464368277888507	0.3350473064014934	1.702669816069478	0.2507133941430629	0.18853192510801725	Bacteria	Actinobacteria	Actinobacteria
GCA_000058485	Frankia alni ACN14a	326424	Bacteria; Actinobacteria; Frankiales; Frankiaceae; Frankia.	Bacteria_Actinobacteria_Actinobacteria_Actinobacteridae_Actinomycetales_Frankineae_Frankiaceae_Frankia_alni_ACN14a	0.7318153673155077	0.7337428538796328	0.6975492096308741	5805.0	0.7064206035058861	0.8337818124299307	0.8150517195803537	7497934.0	1246293.0	6111204.0	44.0	32.770465682888364	48.90926447799786	59.281786048373775	30.9732482185682	43.891981053363054	57.17604171444672	52.0	2.322726321909077	3.532660324873889	2.108464208045851	2.4798712196574098	-4.406878552971579	-5.444230769230769	-2.6262422773471226	-2.5931880769230764	17.0	16.0	0.5421188630490956	2.0	2.0	3060.0	1541.14	3649.0	2336.464	91.72	1.4209892738992134	3.5283529637872624	3.6938534597495316	2223.0	-19.86825862068965	-23.574862068965523	3.7066034482758616	-15.713725490196078	-19.60588235294118	3.8921568627450993	-0.04480429388054048	-0.2091040392522012	0.050060228200442765	-0.035520932723058896	-0.10258349779297665	0.21426211386322613	1.0527891052164793	0.2616468561584841	0.2261043927648579	Bacteria	Actinobacteria	Actinobacteria
GCA_000018885	Renibacterium salmoninarum ATCC 33209	288705	Bacteria; Actinobacteria; Micrococcales; Micrococcaceae; Renibacterium.	Bacteria_Actinobacteria_Actinobacteria_Actinobacteridae_Actinomycetales_Micrococcineae_Micrococcaceae_Renibacterium_salmoninarum_ATCC_33209	0.5663559382634132	0.5680833071690214	0.588578382007385	2761.0	0.5210380518691511	0.9057301323191508	0.7623218445448062	3155250.0	297445.0	2405316.0	44.0	53.415463721609356	55.78938671516076	59.39056902886342	39.16148354891917	42.73097296916068	53.67118273957142	54.0	0.7187182895806734	3.403060732927282	0.15607591421429676	1.370545808887076	-3.2106229626946767	-5.6903703703703705	-1.8052540239043884	-1.9455996296296292	17.0	15.0	0.6443317638536762	2.0	2.0	1298.0	679.6260000000001	1182.0	633.742	100.0	7.869561673675914	2.3509562234599857	2.7110916151759468	145.0	-12.421529539688294	-15.989586806814065	3.5680572671257704	-10.796153846153846	-16.88653846153846	6.0903846153846155	-0.13283778006616304	-0.1308514936378145	0.7069189644174889	-0.09630125427005781	-0.2340662716489668	0.5626423753663766	2.032514924040206	0.22396740311481347	0.19857225642883017	Bacteria	Actinobacteria	Actinobacteria
GCA_000189535	Pseudarthrobacter phenanthrenivorans Sphe3	930171	Bacteria; Actinobacteria; Micrococcales; Micrococcaceae; Arthrobacter.	Bacteria_Actinobacteria_Actinobacteria_Actinobacteridae_Actinomycetales_Micrococcineae_Micrococcaceae_Arthrobacter_phenanthrenivorans_Sphe3	0.6611659718831258	0.6631247169620818	0.6239174026195656	3782.0	0.6055545516967222	0.8983322565754771	0.8744995193409395	4250414.0	432130.0	3716985.0	49.0	37.87619810898596	49.51518756412109	58.569909384506616	33.044146822427074	40.17785218630984	51.32435150513303	54.0	1.456393861697319	3.2514289528802767	0.6798509302895012	1.1118266449204441	-4.089122157588567	-5.685185185185183	-2.028987964040199	-1.819828148148148	17.0	15.0	0.7210470650449498	4.0	4.0	2333.0	985.836	2278.0	1056.252	99.98	3.637186984685716	2.4280311021832683	3.630290138924739	1107.0	-13.78916402116402	-19.433333333333334	5.644169312169312	-11.484615384615385	-17.198076923076925	5.713461538461537	-0.33117436643716014	-0.16712750918123426	0.012276780241660167	-0.1237078553734324	-0.1885751793976263	0.7765429314078179	2.1396023079598327	0.3562041248016923	0.32304283447911164	Bacteria	Actinobacteria	Actinobacteria
GCA_000010285	Kocuria rhizophila DC2201	378753	Bacteria; Actinobacteria; Micrococcales; Micrococcaceae; Kocuria.	Bacteria_Actinobacteria_Actinobacteria_Actinobacteridae_Actinomycetales_Micrococcineae_Micrococcaceae_Kocuria_rhizophila_DC2201	0.7120760165771969	0.7139879942883159	0.6664920551772306	2231.0	0.7132676342010374	0.8753820147245268	0.8541593451811651	2697540.0	336162.0	2304129.0	45.0	30.538791750700288	44.42561582236168	58.3012355325068	29.20238829295782	38.99004481657322	52.11963068153346	54.0	2.0957937659440558	3.3055843955214312	1.8148104209540847	1.4928147048766418	-4.287349775784753	-5.947777777777778	-2.185027479820633	-1.9204214814814813	17.0	16.0	0.6337965038099507	3.0	3.0	1326.0	533.504	1381.0	694.9780000000001	94.57	1.6663120240024676	3.2329773478128243	4.0524178402058615	1325.0	-16.240817242927708	-22.72411315671307	6.483295913785361	-11.770588235294115	-19.511764705882356	7.741176470588236	-0.20221026673582354	-0.2752465556855039	0.19401868641045017	-0.10602871096148021	-0.12235218139739237	0.280983344989971	1.8127696906447894	0.35522008068130884	0.30749529359031824	Bacteria	Actinobacteria	Actinobacteria
GCA_000143845	Olsenella uli DSM 7084	633147	Bacteria; Actinobacteria; Coriobacteriia; Coriobacteriales; Atopobiaceae; Olsenella.	Bacteria_Actinobacteria_Actinobacteria_Coriobacteridae_Coriobacteriales_Coriobacterineae_Coriobacteriaceae_Olsenella_uli_DSM_7084	0.6523395085253058	0.6541870559671481	0.6493726687012547	1707.0	0.5991095198280594	0.8685532795034446	0.8478514505608471	2051896.0	269715.0	1739703.0	48.0	37.241910117151974	48.35261853137722	58.67218672144822	29.2979968285743	39.187748400704116	50.37063763815082	51.0	2.7107823024743736	4.155406967037849	1.0985188853886347	1.3889345623338334	-5.997984768599872	-7.162941176470588	-2.5791102636203886	-2.343507843137255	17.0	16.0	0.7955477445811365	1.0	1.0	1375.0	590.58	1424.0	673.9580000000001	96.11	1.8222744263033	3.42340397529474	4.0046996399809665	1461.0	-14.197711267605634	-19.09988262910798	4.902171361502346	-10.969387755102039	-17.938775510204078	6.969387755102043	-0.1451533740215756	-0.22738337550711676	0.4216940292691373	-0.14149036446706503	-0.1895423745195059	1.6122634170857388	2.7664724047040155	0.4595313415348564	0.4393919156414762	Bacteria	Actinobacteria	Actinobacteria
GCA_000025205	Gardnerella vaginalis 409-05	553190	Bacteria; Actinobacteria; Bifidobacteriales; Bifidobacteriaceae; Gardnerella.	Bacteria_Actinobacteria_Actinobacteria_Actinobacteridae_Bifidobacteriales_Bifidobacteriaceae_Gardnerella_vaginalis_409_05	0.4279828846171919	0.4289238364026076	0.5221464301955434	1246.0	0.41512816758709503	0.8736022799983926	0.8551959914561882	1617545.0	204454.0	1383318.0	44.0	47.69772004054697	49.646707257690274	57.573979212533686	40.562775665760064	40.515322828316286	50.842510825406684	52.0	2.465910198567043	3.748496430111045	1.2453729930387458	1.4381510457541538	-4.3607945425361185	-6.041923076923072	-1.5967542215088284	-2.0229415384615392	17.0	16.0	0.8812199036918138	2.0	2.0	816.0	326.592	758.0	242.554	94.02	1.5876723411794276	2.1182451082622507	2.323290753452942	92.0	-7.814001610305956	-10.781481481481483	2.9674798711755237	-10.007843137254902	-14.329411764705885	4.32156862745098	-0.0882565580248389	0.28075775209151077	0.4563093315066208	-0.11691858855678297	-0.1839272921359661	1.220537205528297	2.310345384356891	0.3927833065810594	0.41368057784911716	Bacteria	Actinobacteria	Actinobacteria
GCA_000164695	Rothia dentocariosa ATCC 17931	762948	Bacteria; Actinobacteria; Micrococcales; Micrococcaceae; Rothia.	Bacteria_Actinobacteria_Actinobacteria_Micrococcales_Micrococcaceae_Rothia_dentocariosa_ATCC_17931	0.5490237951572672	0.5506197508117815	0.564312792030327	2040.0	0.4648825372541521	0.8509823325784859	0.8352498478666414	2506025.0	373442.0	2093157.0	48.0	52.031793637804824	53.80571755234482	58.959094190293854	37.31087012644212	39.066250991128136	50.05745069197435	54.0	1.425776470897903	3.3953260299111507	0.2929709197009299	1.5144458248378094	-3.96491417361452	-5.161666666666668	-1.5933565277096653	-1.899795925925926	17.0	16.0	0.7867647058823529	3.0	3.0	1343.0	494.26800000000003	1182.0	395.546	99.96	3.824642384427843	2.4482132004553963	3.016205382023371	278.0	-9.515171905697446	-14.23604616895874	4.7208742632612966	-10.584615384615383	-15.173076923076923	4.588461538461538	-0.18831349647249374	0.11239350056067618	-0.028048348127002312	-0.15097999079817842	-0.27393866733358607	1.1328055511969732	1.8808802050733413	0.41604509803921563	0.38551666666666673	Bacteria	Actinobacteria	Actinobacteria
GCA_000196535	Mobiluncus curtisii ATCC 43063	548479	Bacteria; Actinobacteria; Actinomycetales; Actinomycetaceae; Mobiluncus.	Bacteria_Actinobacteria_Actinobacteria_Actinobacteridae_Actinomycetales_Actinomycineae_Actinomycetaceae_MobiluncusFalcivibrio_group_Mobiluncus_curtisii_ATCC_43063	0.5593872430843858	0.5608629532724405	0.5668574401664932	1791.0	0.5085363892827387	0.9027468227050799	0.8928049644068429	2146480.0	208752.0	1916388.0	45.0	51.79401170831126	53.84984559350852	58.90551968490856	43.35736995269736	44.56736302945552	54.74818907996231	52.0	1.5121951525537165	4.160269843866858	0.3719478293250989	1.589948507642961	-4.117217877094979	-6.614615384615385	-1.8633850502793319	-1.9811588461538463	17.0	17.0	0.7627024008933556	2.0	2.0	1106.0	509.214	1032.0	444.912	100.0	5.595695151467305	2.677557286012896	3.4047232474510167	266.0	-10.276534376746786	-15.077026271660145	4.80049189491336	-9.394117647058822	-15.384313725490196	5.990196078431373	-0.21357564435891266	-0.08586715105869266	0.24782964112045108	-0.07057624866369441	-0.17237714355065822	1.1402473232286177	2.5703213362238966	0.333213847012842	0.3277989949748744	Bacteria	Actinobacteria	Actinobacteria
GCA_000092825	Segniliparus rotundus DSM 44985	640132	Bacteria; Actinobacteria; Corynebacteriales; Segniliparaceae; Segniliparus.	Bacteria_Actinobacteria_Actinobacteria_Actinobacteridae_Actinomycetales_Corynebacterineae_Segniliparaceae_Segniliparus_rotundus_DSM_44985	0.6729563140236055	0.6750259985280165	0.6634385778721146	2963.0	0.621465940918459	0.8928826261818189	0.8808779782405661	3157527.0	338226.0	2781396.0	45.0	38.8089911380417	51.00998732884779	59.09752837279152	32.92913063173195	44.034267958391716	56.518339028301384	55.0	1.199287205342314	3.5230930265003035	0.8289671414896913	1.9432560263991985	-3.62837327033412	-5.328703703703703	-2.2552593655079365	-2.370264074074074	17.0	15.0	0.6979412757340533	1.0	1.0	1516.0	828.0360000000001	1525.0	966.84	100.0	5.652138138880403	3.0710384941886626	3.561339199903286	817.0	-15.723867478025694	-20.229411764705887	4.5055442866801885	-11.880392156862746	-18.67058823529412	6.790196078431372	-0.13767312749314597	-0.24443574880888905	0.5070756486636556	-0.04364293085525378	-0.13675203103826458	0.3703200638526227	1.579837000101105	0.23218494768815384	0.18837664529193382	Bacteria	Actinobacteria	Actinobacteria
GCA_000092365	Arcanobacterium haemolyticum DSM 20595	644284	Bacteria; Actinobacteria; Actinomycetales; Actinomycetaceae; Arcanobacterium.	Bacteria_Actinobacteria_Actinobacteria_Actinobacteridae_Actinomycetales_Actinomycineae_Actinomycetaceae_Arcanobacterium_haemolyticum_DSM_20595	0.5364994013588092	0.5379546305041253	0.5610027607088788	1721.0	0.4868699478792797	0.884638351306092	0.8528220873104503	1986154.0	229126.0	1693836.0	49.0	52.15910114104322	52.86074763306927	58.22686893918761	37.28696918255199	38.75882638337526	49.61032546621377	54.0	1.5137474986068278	3.6106866098970447	0.2948676764492978	1.550942005945296	-4.0769668797210965	-5.477777777777778	-1.7922219291109849	-2.0173944444444443	18.0	15.0	0.7664148750726322	4.0	4.0	1075.0	461.102	979.0	402.57800000000003	99.97	4.2458545172502005	2.1921034917859186	2.7205475473040295	146.0	-10.107151162790698	-14.157348837209303	4.0501976744186035	-10.622641509433963	-15.637735849056606	5.0150943396226415	-0.19424180108220535	0.05100253655461628	0.2382344623074593	-0.14798225681640192	-0.26677491108491175	1.2188798221575299	2.0597446039517484	0.35671005229517727	0.3349343404997094	Bacteria	Actinobacteria	Actinobacteria
GCA_000024225	Atopobium parvulum DSM 20469	521095	Bacteria; Actinobacteria; Coriobacteriia; Coriobacteriales; Atopobiaceae; Atopobium.	Bacteria_Actinobacteria_Actinobacteria_Coriobacteridae_Coriobacteriales_Coriobacterineae_Coriobacteriaceae_Atopobium_parvulum_DSM_20469	0.4630077516650271	0.4642744609272325	0.5221042698749705	1340.0	0.3868058479646694	0.8976315013878048	0.883007245086005	1543805.0	158037.0	1363191.0	44.0	48.69088938995492	50.01950148474368	56.957138448911344	37.45099416090847	37.6568243664324	47.82898357839214	52.0	2.6037377134378867	4.444981441526801	0.6320351790113389	1.3002454916399606	-5.485358208955228	-7.547115384615383	-1.7490844925373144	-1.9701207692307692	18.0	17.0	0.8328358208955224	1.0	1.0	1051.0	365.88199999999995	991.0	296.89	99.75	2.9655072097926096	2.6598201250242512	2.7413718685090287	292.0	-9.057964071856286	-11.799925149700599	2.741961077844312	-9.971428571428572	-14.414285714285713	4.442857142857143	-0.029748515486566086	0.10084655804834575	0.6203210099357243	-0.16026357922996526	-0.24715714374086642	1.971702534426548	3.1447359498868406	0.5112820895522387	0.5179925373134328	Bacteria	Actinobacteria	Actinobacteria
GCA_000210055	Gordonibacter pamelaeae 7-10-1-b	657308	Bacteria; Actinobacteria; Coriobacteriia; Eggerthellales; Eggerthellaceae; Gordonibacter.	Bacteria_Actinobacteria_Actinobacteria_Coriobacteridae_Coriobacteriales_Coriobacterineae_Coriobacteriaceae_Gordonibacter_pamelaeae_7_10_1_b_draft_genome.	0.6532433967805882	0.6554547695981106	0.6446864287154668	2415.0	0.6553109422828665	0.7866398819075937	0.6020467724420749	3608022.0	769808.0	2172198.0	46.0	34.213522300876875	44.903769903197315	58.749484068924254	30.838144754705766	39.527799840427214	53.285720973043595	56.0	2.9072674266371625	5.147515925573304	1.0793722699046209	1.8439794355674335	-5.722847763643804	-6.657499999999999	-2.600274681986052	-2.4116500000000003	17.0	16.0	0.8115942028985508	1.0	1.0	1972.0	906.414	1968.0	981.7539999999999	99.86	3.318209849131601	3.043509014278732	3.8096090592996097	1482.0	-13.25719178082192	-19.73617294520548	6.478981164383562	-9.71063829787234	-17.96808510638298	8.25744680851064	-0.20109676166134582	-0.2675192108241268	0.27449773336334254	-0.09300103962565238	-0.11972202054213964	1.8278951567325417	3.30353649000587	0.4412364389233955	0.4083834368530021	Bacteria	Actinobacteria	Actinobacteria
GCA_000196675	Pseudonocardia dioxanivorans CB1190	675635	Bacteria; Actinobacteria; Pseudonocardiales; Pseudonocardiaceae; Pseudonocardia.	Bacteria_Actinobacteria_Actinobacteria_Actinobacteridae_Actinomycetales_Pseudonocardineae_Pseudonocardiaceae_Pseudonocardia_dioxanivorans_CB1190	0.7342036867892109	0.7363270280215662	0.6987590928540864	6417.0	0.7224069997722866	0.8820885467079805	0.8566952969257969	7096571.0	836767.0	6079599.0	45.0	31.171767448333878	46.97523400399327	59.128526895888044	28.710224984480906	41.00997790598979	54.56943237469335	55.0	2.4570039944100426	4.182059040351204	2.292486494544812	2.131289726769165	-4.488996415770598	-6.035454545454545	-2.516584709365756	-2.4725901818181817	17.0	15.0	0.5407511298114384	3.0	3.0	3409.0	1609.414	3984.0	2438.798	99.78	3.0461940024530443	3.2185723111588813	3.640129881173281	2768.0	-19.996724890829693	-23.873736743605747	3.877011852776045	-15.286792452830188	-20.35849056603773	5.071698113207548	-0.1158083870014341	-0.23553519207334975	0.30814614600057916	-0.07710482165777997	-0.12698725667862312	0.16451749986523057	2.050769313582039	0.2804403927068724	0.24079819230169858	Bacteria	Actinobacteria	Actinobacteria
GCA_000195315	Coriobacterium glomerans PW2	700015	Bacteria; Actinobacteria; Coriobacteriia; Coriobacteriales; Coriobacteriaceae; Coriobacterium.	Bacteria_Actinobacteria_Actinobacteria_Coriobacteridae_Coriobacteriales_Coriobacterineae_Coriobacteriaceae_Coriobacterium_glomerans_PW2_DSM_20642	0.6098075090849304	0.6114430974637675	0.6220352327526818	1733.0	0.5493772795092838	0.8726736214013359	0.8408852752376186	2115681.0	269382.0	1779045.0	45.0	43.97200596136232	51.24619599952975	58.91379516462715	37.710992971675374	45.17272731531638	56.560690385266845	51.0	2.2982753152700823	3.806208392067525	0.6075788630488261	1.28006899547669	-5.499388343912291	-6.935000000000002	-2.341831575302945	-2.1852732000000006	17.0	16.0	0.8384304673975764	2.0	2.0	1353.0	582.864	1339.0	601.472	96.95	1.9736328116950543	3.2469577983851905	3.536877295676909	770.0	-12.661907514450867	-17.589421965317918	4.927514450867051	-10.768750000000002	-17.527083333333334	6.758333333333333	-0.08197047085746631	-0.14951598029682567	0.3715501802626128	-0.0399414903213221	-0.11851550277544709	1.6906964522212562	2.526139396590835	0.4443946912867859	0.4255787651471437	Bacteria	Actinobacteria	Actinobacteria
GCA_000454025	Amycolatopsis mediterranei RB	1221524	Bacteria; Actinobacteria; Pseudonocardiales; Pseudonocardiaceae; Amycolatopsis.	Bacteria_Actinobacteria_Actinobacteria_Actinobacteridae_Actinomycetales_Pseudonocardineae_Pseudonocardiaceae_Amycolatopsis_mediterranei_RB	0.7179496120728555	0.7199968268269494	0.6802232854864434	9314.0	0.7150264425685466	0.8964999437876798	0.889966627838527	10246864.0	1060551.0	9119367.0	53.0	31.237338758645848	45.80330452445683	58.39281660414408	29.674790120537423	40.56021167033354	54.15847972837397	59.0	1.8428109927475709	3.7524731710070665	1.4091712839451227	1.7275567380659762	-4.445147643079573	-5.491355932203388	-2.3992588167078237	-2.3964969491525427	18.0	16.0	0.5833154391238995	4.0	4.0	5344.0	2480.256	5770.0	3299.914	100.0	4.174238047699959	2.869536553270291	3.3870650824561803	2276.0	-17.975268817204302	-23.223741935483872	5.248473118279571	-13.418181818181822	-19.634545454545453	6.216363636363638	-0.15279556683646475	-0.2535198246749361	0.18441373257930255	-0.07251468797053377	-0.11446975078673031	0.4336397088024482	2.0249164329410902	0.30746660940519654	0.2652014172213872	Bacteria	Actinobacteria	Actinobacteria
GCA_000184685	Intrasporangium calvum DSM 43043	710696	Bacteria; Actinobacteria; Micrococcales; Intrasporangiaceae; Intrasporangium.	Bacteria_Actinobacteria_Actinobacteria_Actinobacteridae_Actinomycetales_Micrococcineae_Intrasporangiaceae_Intrasporangium_calvum_DSM_43043	0.7092755790621419	0.7112514177130979	0.6788490088201904	3529.0	0.6834437729615386	0.8971891833329937	0.8732958252969028	4024382.0	413750.0	3514476.0	46.0	33.079849222998874	48.07763532447145	59.00240088256874	30.11132044504653	41.15758374203965	53.24254763309683	53.0	1.9668614681837384	3.270423459813607	1.6459710512034076	1.647276115786262	-4.166089543780107	-5.542830188679246	-2.2952505015585225	-2.002043018867925	17.0	16.0	0.6474922074241994	2.0	2.0	1871.0	870.7360000000001	2048.0	1178.11	96.4	1.8958380188581618	3.0478608753058767	3.851768440880509	2031.0	-17.54622802041974	-22.195689166193986	4.649461145774248	-12.94313725490196	-18.796078431372546	5.85294117647059	-0.20871129142718145	-0.26234075837615073	0.25884290522357567	-0.09762065887684186	-0.14393494055456396	0.32089041698033083	1.6231473440273447	0.28344120147350527	0.24649759138566174	Bacteria	Actinobacteria	Actinobacteria
GCA_000024265	Eggerthella lenta DSM 2243	479437	Bacteria; Actinobacteria; Coriobacteriia; Eggerthellales; Eggerthellaceae; Eggerthella.	Bacteria_Actinobacteria_Actinobacteria_Coriobacteridae_Coriobacteriales_Coriobacterineae_Coriobacteriaceae_Eggerthella_lenta_DSM_2243	0.6494868495185413	0.6514817519564355	0.635841987954664	3032.0	0.5858991344150339	0.8755551640025769	0.8600265399503342	3632260.0	452016.0	3123840.0	47.0	35.28658647570667	45.534347257121496	58.44034648221673	32.44896933630629	40.46282593662088	53.063272355513604	51.0	2.9822795278302907	5.0908656633181435	0.918543116619522	1.8287702783313065	-5.816421503957778	-6.525294117647058	-2.5252837071240144	-2.2484564705882355	17.0	16.0	0.8581794195250659	3.0	3.0	2499.0	1124.482	2475.0	1173.208	99.85	3.0953898082101565	2.928100540968997	3.5572093038456165	1608.0	-12.555875743555848	-19.6093192333113	7.053443489755452	-9.23061224489796	-18.051020408163268	8.820408163265304	-0.17685458153854056	-0.2648372416686697	0.25051092790014173	-0.09200962092754464	-0.11137792954103318	2.0637364112107686	3.262095384986837	0.4533370712401055	0.42935092348284953	Bacteria	Actinobacteria	Actinobacteria
GCA_000215105	Isoptericola variabilis 225	743718	Bacteria; Actinobacteria; Micrococcales; Promicromonosporaceae; Isoptericola.	Bacteria_Actinobacteria_Actinobacteria_Actinobacteridae_Actinomycetales_Micrococcineae_Promicromonosporaceae_Isoptericola_variabilis_225	0.7407906880855445	0.7428424462561095	0.69593147751606	2919.0	0.7194479825319565	0.9121191508401508	0.8857262058081953	3307740.0	290687.0	2929752.0	48.0	29.05080932299433	44.40392138281358	58.39855601663722	27.96306577209208	39.37286050730782	51.424391852202405	53.0	2.664143865107392	4.065909247482489	2.448358794071346	2.1392680757268767	-4.325094210346002	-5.567924528301886	-2.4596139910928456	-2.22185320754717	18.0	15.0	0.5714285714285714	3.0	3.0	1540.0	710.068	1748.0	1077.844	97.6	2.035802612504648	3.0748511466006763	3.5826198445776622	1855.0	-19.700719917723692	-24.82697977374014	5.126259856016455	-14.325490196078432	-20.24705882352941	5.9215686274509824	-0.14173111298579444	-0.27284432975515027	0.1551440609279902	-0.11942357209051438	-0.11330217509692776	0.21578507103604627	1.9266411717556124	0.28432065775950677	0.22958410414525515	Bacteria	Actinobacteria	Actinobacteria
GCA_000024925	Sanguibacter keddieii DSM 10542	446469	Bacteria; Actinobacteria; Micrococcales; Sanguibacteraceae; Sanguibacter.	Bacteria_Actinobacteria_Actinobacteria_Actinobacteridae_Actinomycetales_Micrococcineae_Sanguibacteraceae_Sanguibacter_keddieii_DSM_10542	0.7214531960469425	0.7233971980156615	0.6725656259217124	3562.0	0.6976476378269358	0.8901667907630884	0.8612591817441664	4253413.0	467166.0	3663291.0	50.0	30.777855286007696	46.02293518410279	57.864356721948546	30.644554015717148	41.036918523788685	52.038982652576244	58.0	2.0975626723729133	3.267021479214302	1.8561155080296856	1.809786323416812	-4.122759685569897	-5.414482758620691	-2.1245857551937197	-2.1676934482758616	17.0	15.0	0.6243683323975294	4.0	4.0	1909.0	805.056	2028.0	1058.42	95.84	1.7838721432118516	2.7640792408299077	3.537937159242728	1709.0	-16.720623770722113	-22.69130092722675	5.970677156504637	-13.563636363636364	-19.46545454545455	5.901818181818182	-0.21873139165039868	-0.18880799247535537	-0.011532858481795099	-0.10067292543084087	-0.10833765035560733	0.24144716434322766	1.4572351557974903	0.30992251544076355	0.2722010106681639	Bacteria	Actinobacteria	Actinobacteria
GCA_000024785	Gordonia bronchialis DSM 43247	526226	Bacteria; Actinobacteria; Corynebacteriales; Gordoniaceae; Gordonia.	Bacteria_Actinobacteria_Actinobacteria_Corynebacteriales_Gordoniaceae_Gordonia_bronchialis_DSM_43247	0.6744872574718977	0.6763380686288502	0.6604993407341244	4502.0	0.6334875719466703	0.9022818406935296	0.8446189591756099	5208602.0	508975.0	4399284.0	46.0	37.438977741479526	49.612816508438605	58.4255550609577	31.25747594171649	40.92415329265843	53.66061039975796	58.0	1.2809134078054094	4.1305189809578255	0.9486329076337348	1.8814180407559444	-3.7256098644745497	-5.830344827586206	-2.2019621417462862	-2.2031041379310343	17.0	15.0	0.6632607729897824	2.0	2.0	2168.0	1151.986	2366.0	1405.58	100.0	8.350247085968997	2.857647614444472	3.2474578115743453	1059.0	-16.025346820809247	-20.3260337927968	4.300686971987552	-11.87142857142857	-18.271428571428565	6.4	-0.12003549229817283	-0.25920925742379114	0.4881343472999284	-0.08155583042776891	-0.17512940863380183	0.33228050017167465	2.249100940201881	0.22568058640604177	0.21333185250999553	Bacteria	Actinobacteria	Actinobacteria
GCA_000024385	Thermomonospora curvata DSM 43183	471852	Bacteria; Actinobacteria; Streptosporangiales; Thermomonosporaceae; Thermomonospora.	Bacteria_Actinobacteria_Actinobacteria_Actinobacteridae_Actinomycetales_Streptosporangineae_Thermomonosporaceae_Thermomonospora_curvata_DSM_43183	0.7227585634143563	0.7249054099224204	0.6846944784164515	4730.0	0.6806376629968574	0.8324505552032482	0.8156891202294868	5639016.0	944814.0	4599684.0	57.0	30.301870087915038	44.73872967271397	57.35228453252905	29.135782151506287	40.945031073889396	55.65748504744082	53.0	2.071948212024165	3.3988286268140966	1.6783695968571541	2.185876418838105	-4.6964630021141405	-5.6400000000000015	-2.5910785750528604	-2.616785283018868	17.0	15.0	0.6357293868921776	4.0	4.0	2882.0	1384.2720000000002	3146.0	1877.654	95.72	1.8042502386688255	3.5497997715174687	4.014009769871622	3125.0	-18.386463620981385	-23.272906091370558	4.886442470389171	-15.150980392156866	-20.41372549019608	5.2627450980392165	-0.1156474510446944	-0.17597093685445878	0.07700952787848452	-0.029550688327453976	-0.08479674381855198	0.39357861516701065	1.2129522079759916	0.31664439746300205	0.2681492600422833	Bacteria	Actinobacteria	Actinobacteria
GCA_000024965	Xylanimonas cellulosilytica DSM 15894	446471	Bacteria; Actinobacteria; Micrococcales; Promicromonosporaceae; Xylanimonas.	Bacteria_Actinobacteria_Actinobacteria_Actinobacteridae_Actinomycetales_Micrococcineae_Promicromonosporaceae_Xylanimonas_cellulosilytica_DSM_15894	0.7275958162932937	0.7296028512867561	0.6879566133297477	3254.0	0.6961998095296611	0.9045812519905012	0.8858985950535111	3742776.0	357131.0	3315720.0	50.0	31.026185053583852	46.46819630339993	59.051599120720866	28.738198873837128	39.61159135500472	51.3228626348349	53.0	2.3400631782145034	3.892290513116432	2.0355354643207484	2.0978994479527797	-4.360024585125991	-5.687547169811323	-2.32526824830978	-2.2247184905660378	17.0	16.0	0.6115550092194223	3.0	3.0	1722.0	755.778	1940.0	1101.8	99.08	2.455356056646014	3.0354671639260284	3.5928556990005016	1576.0	-18.429028290282897	-23.29477244772448	4.865744157441575	-15.043137254901962	-19.4843137254902	4.441176470588236	-0.1551380243936692	-0.18372596655930137	-0.0872564757035186	-0.13088107013132516	-0.14755479002514096	0.304527713893755	1.7943910651636523	0.2969336201598033	0.2575906576521205	Bacteria	Actinobacteria	Actinobacteria
GCA_000024865	Streptosporangium roseum DSM 43021	479432	Bacteria; Actinobacteria; Streptosporangiales; Streptosporangiaceae; Streptosporangium.	Bacteria_Actinobacteria_Actinobacteria_Actinobacteridae_Actinomycetales_Streptosporangineae_Streptosporangiaceae_Streptosporangium_roseum_DSM_43021	0.7147782307998094	0.7168699941740236	0.6692307692307692	8767.0	0.6729839129856737	0.8541639872844012	0.8363140312730084	10341314.0	1508136.0	8648586.0	61.0	32.26573773999334	47.19791741152178	58.94494208732623	31.31877923801361	41.70323117295853	53.447948639220925	56.0	1.5413069848117429	3.32847479523127	1.027545086834551	1.5639678039576117	-4.430605680392387	-5.779464285714287	-2.2938975476217625	-2.299963928571428	17.0	16.0	0.6526748032394205	6.0	6.0	5094.0	2317.5879999999997	5428.0	2924.208	99.91	3.5619121280317585	2.9868123157251634	3.944425131335942	5145.0	-16.934022595001714	-22.568903343603786	5.634880748602077	-14.292592592592595	-18.857407407407404	4.564814814814816	-0.24277626871483896	-0.155983611548314	-0.18990036906330757	-0.09325640595187246	-0.11641798070568904	0.5137618979771919	1.7645069912736584	0.31668894718831986	0.2855927911486255	Bacteria	Actinobacteria	Actinobacteria
GCA_000024345	Kribbella flavida DSM 17836	479435	Bacteria; Actinobacteria; Propionibacteriales; Nocardioidaceae; Kribbella.	Bacteria_Actinobacteria_Actinobacteria_Actinobacteridae_Actinomycetales_Propionibacterineae_Nocardioidaceae_Kribbella_flavida_DSM_17836	0.7088072220855355	0.7108632654548652	0.6791334559574903	6876.0	0.6769816066304197	0.8930723288960943	0.8815830304104973	7579488.0	810457.0	6681948.0	52.0	31.629257407262735	45.702210755753256	58.43243494808799	29.970832129949816	40.875912698726026	54.60413280493222	57.0	1.7734422528544622	3.8649978406535137	1.3515151926402404	1.9555999522313028	-4.294954915648635	-5.80842105263158	-2.4365303868528283	-2.1747424561403506	17.0	15.0	0.6617219313554392	2.0	2.0	3862.0	1835.382	4144.0	2488.666	100.0	4.752160426995208	3.2619057668563007	3.5016474326032268	2336.0	-17.367403636363637	-22.932247272727274	5.564843636363636	-13.167857142857144	-19.44464285714286	6.2767857142857135	-0.06846539246491046	-0.2418062354878157	0.127935684170867	-0.06551673135916504	-0.10560316398741539	0.42192706021422177	1.909397888422211	0.2947379290285049	0.24074083769633509	Bacteria	Actinobacteria	Actinobacteria
GCA_000025265	Conexibacter woesei DSM 14684	469383	Bacteria; Actinobacteria; Thermoleophilia; Solirubrobacterales; Conexibacteraceae; Conexibacter.	Bacteria_Actinobacteria_Actinobacteria_Rubrobacteridae_Solirubrobacterales_Conexibacteraceae_Conexibacter_woesei_DSM_14684	0.7297256115007877	0.7318649788942523	0.6887400020774904	5828.0	0.6805169983137925	0.93066403286238	0.9205314237937756	6359369.0	440933.0	5853999.0	44.0	29.863135647496442	44.395423892939206	56.70752195085147	30.62986155440825	42.33521946446072	54.21454243297154	50.0	1.6955797842531977	2.361624099253038	1.808436984274526	1.7698056886501101	-3.4458339052848235	-4.00404255319149	-2.320198297872349	-2.3003059574468088	16.0	15.0	0.6913177762525737	1.0	1.0	2472.0	1357.086	2802.0	1977.96	42.75	-0.2289087503461957	3.0021569613356687	3.5918296260984093	3024.0	-19.00821894303363	-24.303380233356208	5.29516129032258	-15.004255319148935	-20.572340425531923	5.568085106382981	-0.16417055544008832	-0.21064380812764769	0.05154211573483037	-0.043962060624701635	-0.04640578347549345	-0.11285720002132837	0.5918184106029281	0.19130301990391216	0.14139327385037748	Bacteria	Actinobacteria	Actinobacteria
GCA_000025345	Geodermatophilus obscurus DSM 43160	526225	Bacteria; Actinobacteria; Geodermatophilales; Geodermatophilaceae; Geodermatophilus.	Bacteria_Actinobacteria_Actinobacteria_Actinobacteridae_Actinomycetales_Frankineae_Geodermatophilaceae_Geodermatophilus_obscurus_DSM_43160	0.7415962526722021	0.7436885664052181	0.7038350407144733	4776.0	0.7254868752140315	0.8597462807400361	0.8303576310141649	5322497.0	746500.0	4419576.0	47.0	30.099327429844635	46.04152937437945	58.72487720727857	28.810854312093678	41.71155291978933	54.61611541014407	54.0	2.8377271647367994	3.536699030279059	2.7836964743207724	2.6211492305991606	-4.49826423785591	-5.413396226415094	-2.5200437227805783	-2.3935577358490567	17.0	16.0	0.4415829145728643	3.0	3.0	2510.0	1125.242	2960.0	1819.514	55.54	0.10541011484649963	3.1570401099282988	3.897108633370929	2808.0	-20.79777963971512	-24.723523250942613	3.925743611227482	-15.168627450980392	-20.774509803921575	5.605882352941177	-0.18990194861529536	-0.27066120933339377	0.42797974297367763	-0.06996629014024135	-0.09404501790940961	0.05403069041602704	0.9155497996798982	0.2899409547738693	0.23879522613065324	Bacteria	Actinobacteria	Actinobacteria
GCA_000024545	Stackebrandtia nassauensis DSM 44728	446470	Bacteria; Actinobacteria; Glycomycetales; Glycomycetaceae; Stackebrandtia.	Bacteria_Actinobacteria_Actinobacteria_Actinobacteridae_Actinomycetales_Glycomycineae_Glycomycetaceae_Stackebrandtia_nassauensis_DSM_44728	0.6879182692395734	0.6900049636703889	0.6682777919104553	6229.0	0.6192542275687448	0.8949703992819178	0.8779795300981925	6841557.0	718566.0	6006747.0	44.0	33.60734963832864	46.63905915488221	57.862746215495655	31.396574554560186	41.79044855829944	55.087181728814656	55.0	1.2061377538171845	3.8866564936315138	0.7223564595922752	1.5581440945621947	-4.066272274843474	-6.018181818181817	-2.0487632557392925	-2.2970196363636366	17.0	15.0	0.6935302616792423	2.0	2.0	3503.0	1538.356	3608.0	1755.3220000000001	100.0	7.161795015401594	2.978537713720085	3.411793317789232	2032.0	-15.095841631866364	-20.831663989720532	5.73582235785416	-12.696296296296294	-19.296296296296298	6.6000000000000005	-0.12698764658753928	-0.15895406126312173	0.150663250747734	-0.04796807390275061	-0.10396030032426623	0.48378129422490923	2.328512399069319	0.31540279338577615	0.2974278375341146	Bacteria	Actinobacteria	Actinobacteria
GCA_000092865	Cellulomonas flavigena DSM 20109	446466	Bacteria; Actinobacteria; Micrococcales; Cellulomonadaceae; Cellulomonas.	Bacteria_Actinobacteria_Actinobacteria_Actinobacteridae_Actinomycetales_Micrococcineae_Cellulomonadaceae_Cellulomonas_flavigena_DSM_20109	0.7434678715851042	0.7454612995440186	0.7000169937972641	3611.0	0.730417028999206	0.9002260149268321	0.8840411730851365	4123179.0	411386.0	3645060.0	44.0	30.269598382932195	46.140439414751214	58.48488696364966	28.87784413326499	40.702180762701495	52.623863605355794	58.0	2.9588339156780457	3.8204714027685687	2.773875059064179	2.287294312922795	-4.4665771254500095	-5.357241379310344	-2.504562331764061	-2.354480000000001	18.0	15.0	0.5159235668789809	2.0	2.0	1886.0	844.46	2228.0	1361.774	76.44	0.7091609463384009	3.029911921218162	3.65335248907725	1903.0	-20.20216246187968	-24.887912392570005	4.685749930690324	-14.42727272727273	-20.380000000000006	5.952727272727274	-0.17064889569868863	-0.28585502891108	0.27038944902684836	-0.10021432309404459	-0.11786317427898386	0.18495885661386646	1.5331770898457737	0.28843533647189146	0.2398853503184713	Bacteria	Actinobacteria	Actinobacteria
GCA_000092225	Tsukamurella paurometabola DSM 20162	521096	Bacteria; Actinobacteria; Corynebacteriales; Tsukamurellaceae; Tsukamurella.	Bacteria_Actinobacteria_Actinobacteria_Actinobacteridae_Actinomycetales_Corynebacterineae_Tsukamurellaceae_Tsukamurella_paurometabola_DSM_20162	0.6886213270434551	0.6906058731909243	0.6706811872731155	4088.0	0.6284054222655308	0.9185012139496675	0.8993380697994803	4379918.0	356958.0	3939027.0	47.0	35.42653826272821	48.67416762495717	58.57154996861482	30.102432841256245	40.28465349540876	52.67797265887639	57.0	1.402237590278993	4.0047808350440715	1.0067512766386921	1.6638598107729965	-3.7062328767123134	-5.9700000000000015	-2.224847617416837	-2.2404059649122807	18.0	15.0	0.6450587084148728	2.0	2.0	1927.0	1035.0539999999999	2085.0	1295.288	100.0	6.683410298953437	3.029539465543362	3.4890428324601404	1420.0	-16.591411793491563	-21.433667726939078	4.842255933447516	-12.599999999999998	-19.039285714285715	6.439285714285715	-0.1316989756164101	-0.24057095581566518	0.32981110515180256	-0.10062184307733807	-0.17236071080231014	0.39548631364030085	2.3409210242710747	0.21818639921722116	0.19317808219178084	Bacteria	Actinobacteria	Actinobacteria
GCA_000092645	Thermobispora bispora DSM 43833	469371	Bacteria; Actinobacteria; Actinobacteria incertae sedis; Thermobispora.	Bacteria_Actinobacteria_Actinobacteria_Actinobacteridae_Actinomycetales_Pseudonocardineae_Pseudonocardiaceae_Thermobispora_bispora_DSM_43833	0.7252086356688576	0.7273047618278417	0.6788157894736843	3403.0	0.7221457531745551	0.8290209776857911	0.8027251230078645	4189976.0	716398.0	3363399.0	52.0	30.47408770326171	45.580342800855895	59.4102443462169	31.74744694625339	43.41603193202487	56.70260484681586	53.0	1.9923681139337988	4.012286103403121	1.5631562608555074	1.8823495686856317	-4.637613870114596	-6.167735849056602	-2.577571301792541	-2.5570984905660383	17.0	15.0	0.6244490155744931	4.0	3.0	2027.0	988.568	2219.0	1338.83	99.92	3.7469056592448435	3.6660669633286114	4.06629979671131	2560.0	-18.449103204939718	-23.303057924139967	4.853954719200235	-14.594230769230766	-19.87115384615384	5.276923076923079	-0.09842678931504115	-0.20894633158520226	0.08713891706689303	-0.04557529646944561	-0.047483426754534694	0.42921185307829135	2.1299365347174897	0.3051519247722598	0.2586453129591538	Bacteria	Actinobacteria	Actinobacteria
GCA_000023405	Brachybacterium faecium DSM 4810	446465	Bacteria; Actinobacteria; Actinobacteridae; Actinomycetales; Micrococcineae; Dermabacteraceae; Brachybacterium.	Bacteria_Actinobacteria_Actinobacteria_Actinobacteridae_Actinomycetales_Micrococcineae_Dermabacteraceae_Brachybacterium_faecium_DSM_4810	0.7209587951450177	0.7229770217934737	0.6830517803463313	3068.0	0.7168590740661462	0.9074816763079974	0.8923621407737555	3614992.0	334453.0	3225882.0	49.0	30.50117870130807	45.41036189545662	58.193132165899655	29.093129775249505	40.62326347478484	52.893590767492896	55.0	2.5764368016819983	4.548950041884816	2.092390431297419	2.103494641271312	-4.82062581486309	-5.757090909090909	-2.2750647718383377	-2.2290341818181814	17.0	16.0	0.7676010430247718	3.0	3.0	2052.0	744.1080000000001	2120.0	1012.334	99.9	3.5818656817284573	3.2473409454226023	4.007754482768479	2815.0	-16.474566000655095	-22.78372093023256	6.309154929577465	-12.737735849056607	-18.883018867924527	6.145283018867923	-0.18973555905565292	-0.22682419381790672	-0.0259736704104866	-0.09106815875279893	-0.10541863620670093	0.4840463703845792	2.445455400613504	0.4263011734028682	0.3610384615384616	Bacteria	Actinobacteria	Actinobacteria
GCA_000023245	Actinosynnema mirum DSM 43827	446462	Bacteria; Actinobacteria; Pseudonocardiales; Pseudonocardiaceae; Actinosynnema.	Bacteria_Actinobacteria_Actinobacteria_Actinobacteridae_Actinomycetales_Pseudonocardineae_Pseudonocardiaceae_Actinosynnema_mirum_DSM_43827	0.7403075501420491	0.7422286975618828	0.685978062931436	6824.0	0.7138719415918249	0.8687792065705934	0.8517541643307877	8248144.0	1082328.0	7025391.0	56.0	29.64269469679716	45.015820176869966	58.52003595455242	29.07299826674763	40.49442655715835	53.73385665074933	58.0	2.270072348804216	3.792404339190688	1.9975109134888156	1.789868028280894	-4.6248739742086835	-6.21155172413793	-2.5604550439624907	-2.496250344827586	17.0	15.0	0.4522274325908558	5.0	5.0	3722.0	1751.658	4381.0	2645.92	99.37	2.656048240791192	3.24419750694596	3.969231344293061	3858.0	-19.184210526315788	-24.060108488491426	4.8758979621756335	-14.351785714285715	-20.446428571428573	6.0946428571428575	-0.18266353720841957	-0.25189594356261014	0.2499529121449084	-0.08178701919322316	-0.10044010310034959	0.27256143531540045	2.002536310909794	0.28873710433763194	0.25426143024618986	Bacteria	Actinobacteria	Actinobacteria
GCA_000023845	Cryptobacterium curtum DSM 15641	469378	Bacteria; Actinobacteria; Coriobacteriia; Eggerthellales; Eggerthellaceae; Cryptobacterium.	Bacteria_Actinobacteria_Actinobacteria_Coriobacteridae_Coriobacteriales_Coriobacterineae_Coriobacteriaceae_Cryptobacterium_curtum_DSM_15641	0.5133780695270092	0.5147932638227272	0.5376177024482109	1299.0	0.4668032197786402	0.8780903001846948	0.8378654027311095	1617804.0	197226.0	1355502.0	46.0	53.23785525708571	53.644219545910886	58.601951757024956	45.656917580410386	45.27135522466124	54.269962441813526	51.0	2.399213763665913	5.1264318338683745	0.5159903858173278	1.4107633857579278	-4.993733641262519	-6.457843137254901	-2.068729191685913	-2.055275294117646	17.0	16.0	0.8444957659738259	3.0	3.0	1025.0	425.588	958.0	375.74800000000005	100.0	4.900874316000727	2.209530534221051	2.6191406351677307	108.0	-10.305941358024693	-13.853086419753087	3.5471450617283953	-9.032653061224488	-15.085714285714287	6.053061224489795	-0.15639102973195182	-0.12354895613769065	0.7064600176064855	-0.07392227025428602	-0.15608138942321287	1.8832233778485854	3.7156684481104465	0.4614411085450346	0.44823094688221704	Bacteria	Actinobacteria	Actinobacteria
GCA_000023105	Beutenbergia cavernae DSM 12333	471853	Bacteria; Actinobacteria; Micrococcales; Beutenbergiaceae; Beutenbergia.	Bacteria_Actinobacteria_Actinobacteria_Actinobacteridae_Actinomycetales_Micrococcineae_Beutenbergiaceae_Beutenbergia_cavernae_DSM_12333	0.7315390220781538	0.7335397078803124	0.7007919558640328	4094.0	0.7179430667101586	0.9193627664625696	0.8967091244870891	4669183.0	376510.0	4186899.0	44.0	30.960039065384088	46.443159221442784	59.04819725422882	29.34106930286509	41.601108296881094	54.7891939633385	52.0	2.5626697665899227	3.906390197402585	2.313731136662025	2.4094519132494816	-4.416062530532474	-5.582115384615383	-2.466911343429416	-2.365205	18.0	16.0	0.6111382510991695	2.0	2.0	2233.0	1019.89	2466.0	1513.7279999999998	95.68	1.7919197835177942	3.1623493977037884	3.7981046012788666	2121.0	-19.49928414365991	-23.99406303444906	4.494778890789153	-14.250980392156864	-21.34705882352941	7.096078431372549	-0.16738749200351458	-0.26915366291585147	0.5787380433582758	-0.07212757525100066	-0.10425757002176797	0.24893862992789773	1.4969382841531034	0.296314118221788	0.2326018563751832	Bacteria	Actinobacteria	Actinobacteria
GCA_000023885	Slackia heliotrinireducens DSM 20476	471855	Bacteria; Actinobacteria; Coriobacteriia; Eggerthellales; Eggerthellaceae; Slackia.	Bacteria_Actinobacteria_Actinobacteria_Coriobacteridae_Coriobacteriales_Coriobacterineae_Coriobacteriaceae_Slackia_heliotrinireducens_DSM_20476	0.6096431047798366	0.611656293022642	0.606423982869379	2697.0	0.5497928883851556	0.8616395758913479	0.8407055460313588	3165038.0	437916.0	2660865.0	47.0	39.65128486308888	47.383432419880094	58.35799419370056	33.95778963995419	39.410148509717544	50.185851180451095	52.0	2.4153051105604866	4.697442148530301	0.4920808044136754	1.7429878726671255	-5.623229514275105	-6.441923076923075	-2.187034682981094	-2.0598888461538465	17.0	16.0	0.8728216536892844	2.0	2.0	2173.0	884.632	2081.0	846.3539999999999	99.98	3.8709936332291193	2.394823761908724	3.2559718266291875	889.0	-11.338028221314518	-17.11347939101374	5.77545116969922	-9.346938775510203	-15.981632653061226	6.634693877551022	-0.26448265236127216	-0.17561161490683522	0.1487749930879512	-0.14003467950122944	-0.16827155617407943	1.9232243061468113	2.954454275863175	0.47770411568409343	0.45778494623655924	Bacteria	Actinobacteria	Actinobacteria
GCA_000024065	Jonesia denitrificans DSM 20603	471856	Bacteria; Actinobacteria; Micrococcales; Jonesiaceae; Jonesia.	Bacteria_Actinobacteria_Actinobacteria_Actinobacteridae_Actinomycetales_Micrococcineae_Jonesiaceae_Jonesia_denitrificans_DSM_20603	0.5855485046197829	0.5871041411263778	0.5851204298137778	2430.0	0.567166247838061	0.9048997580052124	0.8792571843793711	2749646.0	261492.0	2417646.0	53.0	51.298668810527154	54.957650674664784	58.95387030733424	41.61687975933729	43.935123152242824	53.81186453993978	53.0	1.2452570010461947	4.365482806513468	0.38771694441737453	1.5377977942477397	-4.065699588477363	-6.007358490566039	-1.847524617283956	-2.0674147169811317	18.0	15.0	0.6868312757201646	5.0	5.0	1436.0	593.344	1399.0	592.57	100.0	7.7799316489842285	2.4045497328167453	3.1127308151273914	326.0	-12.003694398682047	-15.374588138385505	3.370893739703459	-11.837254901960785	-15.3	3.4627450980392163	-0.2275111869195355	-0.013865689278088938	0.027248369550752275	-0.08722083453704582	-0.2005640231543466	0.8575400566288203	2.8276850122657278	0.3467720164609053	0.33186419753086416	Bacteria	Actinobacteria	Actinobacteria
GCA_000023865	Saccharomonospora viridis DSM 43017	471857	Bacteria; Actinobacteria; Pseudonocardiales; Pseudonocardiaceae; Saccharomonospora.	Bacteria_Actinobacteria_Actinobacteria_Actinobacteridae_Actinomycetales_Pseudonocardineae_Pseudonocardiaceae_Saccharomonospora_viridis_DSM_43017	0.6775328756064934	0.6793495589618757	0.6564509508824736	3772.0	0.638971933661864	0.8767681076904401	0.8576874807495865	4308349.0	530926.0	3695217.0	46.0	38.15318880124608	50.25529062627117	58.67301221075905	34.5434523254656	43.4401495931981	55.69482372618433	50.0	1.6240860467994267	4.612098056513532	1.053529097258321	1.9421408624392158	-4.427136038186142	-6.066400000000002	-2.456251317952803	-2.5293372000000005	17.0	15.0	0.5949098621420997	3.0	3.0	2267.0	1133.702	2381.0	1389.76	100.0	6.705390429855102	3.33345420715783	3.90767292628622	1849.0	-16.45519098143236	-20.64314854111405	4.1879575596816965	-13.536734693877552	-18.851020408163265	5.314285714285714	-0.14694646403636363	-0.17735778884899744	0.2689445006433216	-0.05075908620264422	-0.13561041928410267	0.5705569495411058	2.6699571940743163	0.300450159066808	0.2627889713679745	Bacteria	Actinobacteria	Actinobacteria
GCA_000023925	Kytococcus sedentarius DSM 20547	478801	Bacteria; Actinobacteria; Micrococcales; Dermacoccaceae; Kytococcus.	Bacteria_Actinobacteria_Actinobacteria_Actinobacteridae_Actinomycetales_Micrococcineae_Dermacoccaceae_Kytococcus_sedentarius_DSM_20547	0.7178454599003591	0.7199484393126143	0.682192485846629	2463.0	0.7015162477586586	0.8940910383537092	0.8546231558507216	2785024.0	294959.0	2380146.0	45.0	31.277540557862093	45.88575150500692	58.42171663469817	29.136222948580304	39.19753845443996	50.43140283599487	54.0	2.2646351804932983	3.342413235062533	2.0258541961973973	1.9599068098550116	-4.316751928542431	-5.420740740740743	-2.2134515225335014	-2.010854814814815	18.0	16.0	0.6695087291920422	2.0	2.0	1294.0	541.274	1453.0	781.584	88.99000000000002	1.2328688751242811	3.2986756495896064	4.114104328891418	1901.0	-17.593864282811865	-22.91125558715969	5.317391304347826	-13.03076923076923	-20.961538461538453	7.930769230769231	-0.19820320879454614	-0.25935718149767134	0.49147745141203864	-0.13676958259657934	-0.14575794949848792	0.238780984295901	1.3825064252075214	0.30561347949654893	0.2726008932196509	Bacteria	Actinobacteria	Actinobacteria
GCA_000024025	Catenulispora acidiphila DSM 44928	479433	Bacteria; Actinobacteria; Catenulisporales; Catenulisporaceae; Catenulispora.	Bacteria_Actinobacteria_Actinobacteria_Actinobacteridae_Actinomycetales_Catenulisporineae_Catenulisporaceae_Catenulispora_acidiphila_DSM_44928	0.7028958062594804	0.7048684785050559	0.6833730109008896	8579.0	0.6604245640636847	0.8699415979430981	0.8422188196124069	10467782.0	1361423.0	8816163.0	55.0	32.913251976138426	47.043159007184286	58.842110695573886	28.50159655613664	39.69282513288009	53.831012758469534	57.0	1.5640822041418592	3.5413564814046437	1.2293153435249906	1.6718429027593285	-4.026825970392818	-6.088070175438597	-2.2694740739013874	-2.189170526315789	17.0	16.0	0.6656953024828068	3.0	3.0	4653.0	2213.572	4969.0	2812.9840000000004	99.99	4.526087627546891	3.3447359824020557	3.488679901738444	3031.0	-16.67092234141791	-22.11607625932836	5.445153917910448	-13.969090909090907	-19.703636363636363	5.7345454545454535	-0.041260282797702184	-0.16206850328937494	0.05314662193168244	-0.08516176387740096	-0.15624660480776126	0.33476686061686856	1.8695135786453152	0.28434875859657305	0.2513132066674437	Bacteria	Actinobacteria	Actinobacteria
GCA_000023265	Acidimicrobium ferrooxidans DSM 10331	525909	Bacteria; Actinobacteria; Acidimicrobiia; Acidimicrobiales; Acidimicrobiaceae; Acidimicrobium.	Bacteria_Actinobacteria_Actinobacteria_Acidimicrobidae_Acidimicrobiales_Acidimicrobineae_Acidimicrobiaceae_Acidimicrobium_ferrooxidans_DSM_10331	0.6841553122192097	0.6860183322155153	0.6756309071421611	2017.0	0.6701913038571147	0.9044425405565952	0.8864633110566099	2158157.0	206228.0	1913127.0	45.0	38.01997779936516	50.46319587085783	58.47484601007425	37.41727780821492	48.53279955314716	57.7480418983291	49.0	2.0773082589122893	4.1374253894195565	1.5480906224515556	2.5405721592867887	-4.873946455131383	-6.884081632653063	-2.6098066336142813	-3.231336326530612	18.0	17.0	0.5468517600396628	2.0	2.0	1167.0	576.476	1257.0	806.0980000000001	99.98	3.700086263016968	3.622017147407402	3.6900646275618105	929.0	-18.784474206349206	-21.150892857142857	2.366418650793651	-15.30625	-20.4125	5.10625	-0.018440728556933333	-0.18516484241936118	1.15779654977257	-0.012429346314480876	-0.03825354863871127	0.5292176364607337	1.5968532301327678	0.2927734258800198	0.22355081804660387	Bacteria	Actinobacteria	Actinobacteria
GCA_000024365	Nakamurella multipartita DSM 44233	479431	Bacteria; Actinobacteria; Nakamurellales; Nakamurellaceae; Nakamurella.	Bacteria_Actinobacteria_Actinobacteria_Actinobacteridae_Actinomycetales_Frankineae_Nakamurellaceae_Nakamurella_multipartita_DSM_44233	0.7140143832481637	0.7160260711889092	0.6843859889482578	5099.0	0.6688234642129688	0.8741405125622536	0.8371538825318491	6060298.0	762746.0	5073402.0	45.0	31.394025500398516	45.43771603801701	57.39251961414013	29.30984543953545	40.63197836474921	54.504761702017966	54.0	1.9332957632800656	3.8096313402225532	1.7919005998705984	2.0486298434196324	-3.974122376936649	-5.474615384615384	-2.3626357285742388	-2.449795769230769	17.0	16.0	0.6146303196705236	2.0	2.0	2473.0	1236.732	2840.0	1771.536	99.92	3.529789151988793	3.0783886909890734	3.4309504479780184	1424.0	-18.891557779085733	-23.1452815381597	4.253723759073965	-12.993529411764705	-19.817647058823532	6.8241176470588245	-0.10275920982674705	-0.312204447949261	0.6042691142088722	-0.05031592847878189	-0.10576538814686275	0.14139516340946723	1.7610014968029208	0.2424530300058835	0.20954383212394584	Bacteria	Actinobacteria	Actinobacteria
GCA_000204155	Verrucosispora maris AB-18-032	263358	Bacteria; Actinobacteria; Micromonosporales; Micromonosporaceae; Verrucosispora.	Bacteria_Actinobacteria_Actinobacteria_Actinobacteridae_Actinomycetales_Micromonosporineae_Micromonosporaceae_Verrucosispora_maris_AB_18_032	0.7125128999506618	0.7144808800551085	0.6852037408149633	5710.0	0.7091464613400115	0.8801165901705369	0.8612683054299266	6673976.0	800099.0	5748084.0	51.0	32.64978626386632	47.07706185392959	58.15835495974761	30.20880343201947	41.3699644553802	54.72502523720381	58.0	2.070894272683741	3.953233710762106	1.6090890130296889	1.9758845555844933	-4.686377649325622	-6.235689655172414	-2.5344866596601934	-2.40108551724138	17.0	15.0	0.6012259194395797	3.0	3.0	3249.0	1575.7879999999998	3711.0	2180.584	100.0	3.822184388039569	3.3037531600985828	3.55166161765081	2113.0	-18.190145537436443	-22.737383833070318	4.5472382956338775	-14.548214285714286	-20.06964285714286	5.5214285714285705	-0.06980069731873897	-0.20021451968192547	0.21423778840226637	-0.05903416155632444	-0.12122883573867331	0.46180525965405206	1.9773491551776128	0.29303187390542906	0.2680238178633976	Bacteria	Actinobacteria	Actinobacteria
GCA_000214175	Amycolicicoccus subflavus DQS3-9A1	443218	Bacteria; Actinobacteria; Corynebacteriales; Mycobacteriaceae; Amycolicicoccus.	Bacteria_Actinobacteria_Actinobacteria_Actinobacteridae_Actinomycetales_Corynebacterineae_Mycobacteriaceae_Amycolicicoccus_subflavus_DQS3_9A1	0.6255041181884357	0.6271531431637816	0.6180390190917826	4255.0	0.5878159429682437	0.9118702610719276	0.8949128356935255	4738809.0	417630.0	4240821.0	44.0	47.076994927230814	55.187065223839205	59.7993148933521	41.06322015835511	47.35288911037603	56.63797895058595	56.0	1.1721421389934932	3.623977216763053	0.52034092141543	1.6529610666529762	-4.044904817861327	-5.9308928571428545	-2.1324469800235093	-2.2624025000000003	17.0	15.0	0.663689776733255	3.0	3.0	2418.0	1181.144	2457.0	1274.114	100.0	6.413700201138327	2.785190160732553	3.3110181779517562	744.0	-14.407759228779685	-17.940230425581948	3.532471196802257	-12.252727272727272	-17.37636363636364	5.123636363636365	-0.15881157666868745	-0.14957440097608718	0.45043967188593026	-0.05286575520813517	-0.14195674442349285	0.6518012175780632	1.9710161501100767	0.29068296122209164	0.2779990599294947	Bacteria	Actinobacteria	Actinobacteria
GCA_000270245	Microlunatus phosphovorus NM-1	1032480	Bacteria; Actinobacteria; Propionibacteriales; Propionibacteriaceae; Microlunatus.	Bacteria_Actinobacteria_Actinobacteria_Actinobacteridae_Actinomycetales_Propionibacterineae_Propionibacteriaceae_Microlunatus_phosphovorus_NM_1	0.6768872299954911	0.6786909450126823	0.6744246185673649	4986.0	0.6732608381499233	0.8877205367541755	0.8659592621873572	5683123.0	638098.0	4921353.0	44.0	37.46349202353434	49.805735263962134	58.69076528757471	31.427219091276587	42.25587456669621	55.02057855074053	56.0	1.2746476229304722	3.573426050829829	0.97967632852854	1.7322734329377625	-3.6597713139418295	-5.534464285714287	-2.214089344032104	-2.1924839285714284	17.0	15.0	0.6177296430004011	1.0	1.0	2373.0	1267.662	2586.0	1572.73	100.0	6.234513446545575	3.3850171070818718	3.5235460525270508	1700.0	-16.681025486654626	-20.946257274734094	4.26523178807947	-12.583333333333329	-19.57592592592593	6.992592592592592	-0.039315207855968703	-0.2456498946422441	0.6394402320960817	-0.06253431385416248	-0.15158617089483606	0.29497129440193215	1.8411526178920663	0.2216883273164862	0.20322302446851181	Bacteria	Actinobacteria	Actinobacteria
GCA_000269985	Kitasatospora setae KM-6054	452652	Bacteria; Actinobacteria; Streptomycetales; Streptomycetaceae; Kitasatospora.	Bacteria_Actinobacteria_Actinobacteria_Actinobacteridae_Actinomycetales_Streptomycineae_Streptomycetaceae_Kitasatospora_setae_KM_6054_NBRC_14216	0.7438798586155609	0.7460079140064834	0.6812947401182695	7221.0	0.7252288628215392	0.862257917829767	0.8300405611663436	8783278.0	1209827.0	7290477.0	72.0	28.801189381379796	44.62341393404429	57.32650013492837	28.20397723688607	38.895787465666146	50.3998568183169	55.0	2.477599330259704	3.4702300352760918	2.339009961674074	1.6959161453832252	-4.628059825508921	-5.827407407407407	-2.4484769948760614	-2.1347781481481483	16.0	15.0	0.5959008447583437	9.0	9.0	4423.0	1827.51	4938.0	2623.3940000000002	81.41000000000003	0.8891076796829633	3.0347403547404554	3.662673798806879	3632.0	-17.718048780487806	-24.067918514412426	6.349869733924612	-13.988235294117649	-19.539215686274513	5.550980392156864	-0.17144126901799822	-0.21050926840644296	-0.12581192610922814	-0.12082794694091477	-0.1283547349569414	0.1385893685856301	1.7743138898928665	0.35943636615427227	0.3205381526104418	Bacteria	Actinobacteria	Actinobacteria
GCA_000250675	Nocardia brasiliensis ATCC 700358	1133849	Bacteria; Actinobacteria; Corynebacteriales; Nocardiaceae; Nocardia.	Bacteria_Actinobacteria_Actinobacteria_Actinobacteridae_Actinomycetales_Corynebacterineae_Nocardiaceae_Nocardia_brasiliensis_ATCC_700358	0.6860886634067704	0.688046327085093	0.6652619401751777	8243.0	0.679243424602015	0.8727064750049489	0.859320470164941	9436348.0	1201186.0	8108847.0	48.0	36.272441896028106	48.9882495094691	58.215387705466355	30.897424714911534	40.71338501989075	54.10219897035214	61.0	1.3053998023611442	4.06822215481348	0.909636261291513	1.7614597661436628	-3.913365687939809	-6.091639344262296	-2.3028945110410106	-2.2558691803278688	17.0	16.0	0.6751182821788184	3.0	3.0	4283.0	2214.026	4525.0	2760.966	100.0	7.995742244474015	2.8538679133654465	3.1500571253797682	1587.0	-16.24919286321155	-21.305510377472988	5.0563175142614405	-12.23898305084746	-19.655932203389828	7.416949152542371	-0.09402661609783136	-0.2467944005663982	0.46686776129519636	-0.07065466532533271	-0.16891529239024702	0.3957635410696312	2.306762388669817	0.25099769501395125	0.2140038820817664	Bacteria	Actinobacteria	Actinobacteria
GCA_000284015	Blastococcus saxobsidens DD2	1146883	Bacteria; Actinobacteria; Geodermatophilales; Geodermatophilaceae; Blastococcus.	Bacteria_Actinobacteria_Actinobacteria_Actinobacteridae_Actinomycetales_Frankineae_Geodermatophilaceae_Blastococcus_saxobsidens_DD2	0.7307030029163224	0.7327689008329351	0.6974287169042769	4469.0	0.7148044849596615	0.8861740924735506	0.8655187125410742	4875340.0	554940.0	4219698.0	46.0	31.09943983597444	46.630427243266475	58.960224710016526	29.87316323239489	42.46232495809154	54.84860236257019	54.0	2.5124464545658074	3.274938443223625	2.4404662636480343	1.9331110246218877	-4.2462094428283645	-5.3929629629629625	-2.447023428059976	-2.2471970370370373	17.0	16.0	0.4996643544417096	3.0	3.0	2307.0	1060.948	2685.0	1630.2679999999998	63.62	0.3268608478952448	3.0392060344452823	3.8936662180809214	2477.0	-20.172106559212	-24.14394448175509	3.971837922543093	-13.984615384615385	-20.33653846153846	6.351923076923077	-0.21944874978440718	-0.3067350034283342	0.5992402511873044	-0.06973552708912636	-0.08938589096407677	0.07198019091777308	1.3418274186017374	0.27882121279928396	0.23601074065786531	Bacteria	Actinobacteria	Actinobacteria
GCA_000284295	Actinoplanes missouriensis 431	512565	Bacteria; Actinobacteria; Micromonosporales; Micromonosporaceae; Actinoplanes.	Bacteria_Actinobacteria_Actinobacteria_Actinobacteridae_Actinomycetales_Micromonosporineae_Micromonosporaceae_Actinoplanes_missouriensis_NBRC_102363	0.7128629956968744	0.7149340053908102	0.6762940735183796	7790.0	0.6734088949784158	0.8939688146053111	0.8758433668062314	8773466.0	930261.0	7684182.0	57.0	32.327926446342865	46.91506355694675	58.7543871919773	30.674131850725335	41.287424485426314	53.457744155373405	58.0	1.4760948323100298	3.187595768938281	1.1313136592403317	1.3131045094873075	-3.998088575096258	-6.125344827586205	-2.273608929396667	-2.259405172413793	17.0	15.0	0.6367137355584083	6.0	6.0	3867.0	1924.2320000000002	4322.0	2544.114	99.92	3.726172564860596	2.9896055171019715	3.5971841354548157	3195.0	-17.437418111753367	-22.680192678227357	5.242774566473988	-14.494642857142859	-19.6125	5.117857142857143	-0.16890395250117604	-0.16876209744761383	-0.023826586864073077	-0.09014889423146147	-0.11995377699295785	0.34478117306969813	1.8744912594509735	0.2493925545571245	0.22822670089858788	Bacteria	Actinobacteria	Actinobacteria
GCA_000015265	Nocardioides sp. JS614	196162	Bacteria; Actinobacteria; Propionibacteriales; Nocardioidaceae; Nocardioides.	Bacteria_Actinobacteria_Actinobacteria_Actinobacteridae_Actinomycetales_Propionibacterineae_Nocardioidaceae_Nocardioides_sp._JS614	0.7172507396707712	0.7193186795747044	0.6890122967076557	4918.0	0.680348125763185	0.9085604829150205	0.8935448558046051	5293685.0	484052.0	4730145.0	44.0	31.52016609653923	46.507868411504916	59.17358449671035	28.77968278725513	40.44644852062972	53.148512814586645	54.0	1.9772470641250848	3.9602859486271815	1.756523822132409	2.2767558591378254	-4.02353599023994	-5.251509433962263	-2.3234948840992358	-2.2315849056603776	17.0	15.0	0.6148840992273282	2.0	2.0	2438.0	1170.048	2798.0	1663.0020000000002	99.95	3.91822503543768	3.3836269818016493	3.7089963582366026	2754.0	-18.537021969080552	-23.272660699755896	4.735638730675347	-13.572549019607846	-20.233333333333327	6.6607843137254905	-0.08772437204269626	-0.26781394324036323	0.4065228985015079	-0.10182029250667847	-0.13033106220313775	0.22072324199267568	1.6835300894893561	0.25781862545750306	0.23078446522976814	Bacteria	Actinobacteria	Actinobacteria
GCA_000177655	Micromonospora sp. L5	648999	Bacteria; Actinobacteria; Micromonosporales; Micromonosporaceae; Micromonospora.	Bacteria_Actinobacteria_Actinobacteria_Actinobacteridae_Actinomycetales_Micromonosporineae_Micromonosporaceae_Micromonospora_sp._L5	0.7320655846005891	0.7341106174038868	0.6908728644707279	6093.0	0.6865463372209999	0.8989627769089209	0.8887537050093695	6962533.0	703475.0	6187977.0	51.0	30.66156086038759	46.03882744319858	58.5308066249241	29.37401346215301	40.755296739385905	53.857643944286906	56.0	2.4896992451717783	4.042069298554848	1.9697772970620664	2.1300069074700896	-4.9246299031675616	-5.959642857142858	-2.5805659675037003	-2.4697464285714292	17.0	15.0	0.6154603643525357	3.0	2.0	3614.0	1649.7839999999999	4170.0	2394.024	99.09	2.5031631367397997	3.225397282467687	3.6423213906944962	2643.0	-18.850254641038283	-24.084967964514536	5.234713323476259	-14.6	-20.103773584905664	5.5037735849056615	-0.11446658971170925	-0.22547465389593152	0.05139923522129482	-0.07984107771798969	-0.11476249499037189	0.5199219481097119	1.9120623910847585	0.3223725586738881	0.29147808961102906	Bacteria	Actinobacteria	Actinobacteria
GCA_000270285	Eggerthella sp. YY7918	502558	Bacteria; Actinobacteria; Coriobacteriia; Eggerthellales; Eggerthellaceae; Eggerthella.	Bacteria_Actinobacteria_Actinobacteria_Coriobacteridae_Coriobacteriales_Coriobacterineae_Coriobacteriaceae_Eggerthella_sp._YY7918	0.5678057690445724	0.5694011628234843	0.5941840903628935	2516.0	0.562564339998595	0.8819545976512891	0.856364514700812	3123671.0	368735.0	2675001.0	46.0	48.89548441904006	52.3129364953938	59.037648087811995	39.352857584519015	43.55645726423985	54.39340710312534	51.0	2.7714149725895543	4.98426143083168	0.6351523949284522	1.9228758266934896	-5.560481113320078	-6.666399999999998	-2.322985757455272	-2.3638884	17.0	16.0	0.8422098569157392	2.0	2.0	2048.0	908.672	1959.0	868.278	99.94	3.247287858919972	2.616805916887689	3.1944386665976343	714.0	-10.869135458167332	-15.688087649402387	4.818952191235058	-8.904166666666667	-16.39375	7.489583333333332	-0.180824492186972	-0.18078427663942118	0.5541933258760579	-0.07866575202621312	-0.16738649782974738	2.136262577661102	3.06138560413819	0.45283306836248016	0.4335143084260731	Bacteria	Actinobacteria	Actinobacteria
GCA_000294515	Nocardiopsis alba ATCC BAA-2165	1205910	Bacteria; Actinobacteria; Streptosporangiales; Nocardiopsaceae; Nocardiopsis.	Bacteria_Actinobacteria_Actinobacteria_Actinobacteridae_Actinomycetales_Streptosporangineae_Nocardiopsaceae_Nocardiopsis_alba_ATCC_BAA_2165	0.7021866026618111	0.7041398966944539	0.6693152707220702	4807.0	0.6948622189317472	0.8543412677825749	0.8181368627089549	5848211.0	851843.0	4784637.0	53.0	33.272011889621226	47.18215431799676	57.91700541074865	30.980567870012894	41.05324885085192	53.004978636269996	57.0	1.849152073296904	3.1163010707372063	1.2826347158917486	1.6734494303131524	-4.5896796338672665	-5.724736842105267	-2.2800899521531184	-2.2790522807017544	17.0	16.0	0.6382359059704598	5.0	5.0	3141.0	1333.096	3209.0	1594.986	96.49	1.9098321852963276	3.2083086108213763	4.238302408295649	4557.0	-15.824834616184726	-21.493877678385687	5.669043062200957	-13.928070175438595	-18.90877192982456	4.980701754385965	-0.24302036481829634	-0.11985998506462933	-0.12142107587867731	-0.0848114770375722	-0.12989880508290147	0.5665173574051554	1.442851640424054	0.3760981901393801	0.33576326190971495	Bacteria	Actinobacteria	Actinobacteria
GCA_000328705	Saccharothrix espanaensis DSM 44229	1179773	Bacteria; Actinobacteria; Pseudonocardiales; Pseudonocardiaceae; Saccharothrix.	Bacteria_Actinobacteria_Actinobacteria_Actinobacteridae_Actinomycetales_Pseudonocardineae_Pseudonocardiaceae_Saccharothrix_espanaensis_DSM_44229	0.7263069426195651	0.7282914375997812	0.6850847315083471	8062.0	0.7245839208302791	0.8715920780313083	0.8578686764694728	9360653.0	1201982.0	8030211.0	55.0	30.47163904806353	45.243967981119454	58.18797856399632	29.77947089204064	41.316154051813115	54.984144708052405	58.0	1.891382540493663	3.2502079404713315	1.6319346103949646	1.6775248034821069	-4.3437501550676005	-5.8881034482758645	-2.5004733283711693	-2.433674827586207	17.0	15.0	0.5153807988092285	4.0	4.0	4191.0	2071.456	4878.0	3030.506	98.92	2.3951903747296592	3.1931811320837142	3.6684309072077137	3222.0	-18.771646606278697	-23.772391115523014	5.000744509244323	-14.545614035087722	-19.942105263157888	5.396491228070175	-0.1295512406108648	-0.22512849617451577	0.0791375600361664	-0.05506006455302913	-0.08681409046495295	0.2594479300986985	1.5726831369892247	0.2629054825105433	0.22916075415529646	Bacteria	Actinobacteria	Actinobacteria
GCA_000612055	Trueperella pyogenes	1661	Bacteria; Actinobacteria; Actinomycetales; Actinomycetaceae; Trueperella.	Bacteria_Actinobacteria_Actinobacteria_Actinobacteridae_Actinomycetales_Actinomycineae_Actinomycetaceae_Trueperella_pyogenes_TP6375	0.6022121586795572	0.6039563752757264	0.6076599326599327	1981.0	0.5321966561827512	0.8910519631028186	0.8612207544507118	2338390.0	254763.0	2013870.0	45.0	46.96968036874282	53.86204027617082	59.64574681551978	37.93840287738087	43.267251690371246	53.5813719087252	59.0	1.4379046348977709	2.9471529853454825	0.3075563818579834	1.2444119220083234	-4.427319535588091	-5.640169491525422	-2.027934083796066	-2.1135196610169498	18.0	16.0	0.7804139323573952	2.0	2.0	1229.0	578.3919999999999	1150.0	556.766	99.68	2.8942470317532765	2.7567487805553483	3.292041839179085	594.0	-11.892912032355914	-16.4185540950455	4.5256420626895855	-11.069642857142856	-16.9	5.830357142857142	-0.16260214322100452	-0.06922351506285997	0.2882939176573248	-0.10167321612304182	-0.1967023256355707	1.1303482530397875	1.7027410633371591	0.3284240282685513	0.2994618879353862	Bacteria	Actinobacteria	Actinobacteria
GCA_000348785	Ilumatobacter coccineus YM16-304	1313172	Bacteria; Actinobacteria; Acidimicrobiia; Acidimicrobiales; Acidimicrobiaceae; Ilumatobacter.	Bacteria_Actinobacteria_Actinobacteria_Acidimicrobidae_Acidimicrobiales_Acidimicrobineae_Acidimicrobiaceae_Ilumatobacter_coccineum_YM16_304	0.6750554774482975	0.6767797553729871	0.644852659778033	4174.0	0.6418007780919328	0.9197794037117863	0.9073908410471574	4830181.0	387480.0	4382862.0	44.0	34.6960845076056	46.62242886923121	57.14843569716838	32.00623061340485	41.01676764553208	52.27757104434984	52.0	1.0241173819662754	3.357089450575512	1.0112485795999089	1.7189820193454886	-2.681255390512709	-4.7524000000000015	-2.012727398179213	-2.1084836	16.0	16.0	0.6981312889314806	2.0	2.0	1367.0	890.5219999999999	1466.0	1133.232	100.0	6.057123136068121	2.313092458626464	2.9307927762618284	753.0	-16.106271267673137	-20.498571770908214	4.3923005032350835	-10.634693877551019	-17.320408163265306	6.685714285714285	-0.21076219466571416	-0.33971720078402684	0.5221440975611805	-0.08523181069433688	-0.12023528931583881	0.01286880236636656	1.6381074312300232	0.11415380929563967	0.0797240057498802	Bacteria	Actinobacteria	Actinobacteria
GCA_000590555	Corynebacterium argentoratense DSM 44202	1348662	Bacteria; Actinobacteria; Corynebacteriales; Corynebacteriaceae; Corynebacterium.	Bacteria_Actinobacteria_Actinobacteria_Actinobacteridae_Actinomycetales_Corynebacterineae_Corynebacteriaceae_Corynebacterium_argentoratense_DSM_44202	0.5941088230660514	0.595919888633393	0.6060069869788122	1772.0	0.5877710552615815	0.8989395157837337	0.8622049685467114	2031902.0	205345.0	1751916.0	49.0	47.62386067515605	53.10372747772818	58.982433290777244	32.30374064364467	37.81108592197437	48.5691269897755	52.0	0.6484652581201971	4.20553309765543	0.1255535066224672	1.376941178713509	-3.2566893039049267	-5.859807692307693	-1.6971427843803082	-1.9598180769230769	17.0	15.0	0.7076749435665914	4.0	4.0	870.0	384.816	856.0	373.48800000000006	100.0	12.081948352422913	2.4761568786567127	3.18354612852785	319.0	-11.711308781869688	-15.830294617563741	4.118985835694051	-11.082352941176472	-15.254901960784313	4.172549019607843	-0.22220166484543805	-0.05370500021884012	0.013003973805791639	-0.17654928289691327	-0.28797680091604827	0.5229117514977298	2.828591918941921	0.2738058690744921	0.27229796839729115	Bacteria	Actinobacteria	Actinobacteria
GCA_000478885	Adlercreutzia equolifaciens DSM 19450	1384484	Bacteria; Actinobacteria; Coriobacteriia; Eggerthellales; Eggerthellaceae; Adlercreutzia.	Bacteria_Actinobacteria_Actinobacteria_Coriobacteridae_Coriobacteriales_Coriobacterineae_Coriobacteriaceae_Adlercreutzia_equolifaciens_DSM_19450	0.6435302156930975	0.6453595831801529	0.6397306397306397	2167.0	0.6410028795784009	0.8677367471946106	0.8312560305129106	2862526.0	378607.0	2379492.0	47.0	36.4340013933256	46.59179003906279	58.34434174040103	30.94968448810112	39.23067094459944	51.59520917651801	50.0	2.528819683355395	4.633519259065394	0.6720302488617792	1.5965063424440074	-5.436084949215137	-6.1515999999999975	-2.3383490397045286	-2.0869192	17.0	16.0	0.7738809413936317	2.0	2.0	1697.0	744.814	1640.0	753.192	99.71	3.0015672799180737	3.0416934568389826	3.713697875702463	1453.0	-12.449279112754159	-19.069510166358594	6.620231053604437	-9.8875	-17.35625	7.46875	-0.1809529049899805	-0.20577730562162777	0.12817059397550487	-0.11567758522176493	-0.15799176396295903	1.8567894344936158	3.0370129166213866	0.4394028610982926	0.4092330410706045	Bacteria	Actinobacteria	Actinobacteria
GCA_000525635	Kutzneria albida DSM 43870	1449976	Bacteria; Actinobacteria; Pseudonocardiales; Pseudonocardiaceae; Kutzneria.	Bacteria_Actinobacteria_Actinobacteria_Actinobacteridae_Actinomycetales_Pseudonocardineae_Pseudonocardiaceae_Kutzneria_albida_DSM_43870	0.7118009186165851	0.7136826832781014	0.6847252658063469	8437.0	0.7046307835200641	0.8868022909741299	0.8687867635666333	9874926.0	1117819.0	8579205.0	46.0	31.642775388314487	45.79359802405586	58.185448722646285	29.161561455870604	40.31611298745976	53.560459675838835	61.0	1.7028808525792338	3.628394920709949	1.3473550753278385	1.861115196169122	-4.291778093883358	-5.8447540983606565	-2.418302863916547	-2.5646659016393443	17.0	15.0	0.5340760933981273	3.0	3.0	4409.0	2220.222	5038.0	3026.902	100.0	4.554734511894986	3.1328886190516734	3.6564589607714373	3880.0	-18.30747065101388	-22.83179177042571	4.524321119411835	-14.9	-20.238983050847462	5.3389830508474585	-0.1431905423626856	-0.18612459994986644	0.18006280056918916	-0.07948703925707397	-0.11961246272281814	0.35552577725139534	1.767279724540827	0.2594260993244044	0.23836648097665047	Bacteria	Actinobacteria	Actinobacteria
GCA_000699505	Rhodoluna lacicola	529884	Bacteria; Actinobacteria; Micrococcales; Microbacteriaceae; Luna cluster; Luna-1 subcluster; Rhodoluna.	Bacteria_Actinobacteria_Actinobacteria_Micrococcales_Microbacteriaceae_Candidatus_Rhodoluna_lacicola_MWH_Ta8_Sequence_finished_Aug._2010	0.5177231362976299	0.5192440821922161	0.5281421527583962	1338.0	0.515177550443865	0.9441770428954029	0.929619912292292	1430433.0	79851.0	1329759.0	38.0	50.74584886285409	50.820916249300346	57.95830357103543	36.095123703769936	36.009330791517364	47.9898803625365	52.0	1.1119543767960798	3.7816062130462416	0.27567625942826435	1.55901814260411	-3.1273672400897516	-4.9237254901960785	-1.530235691847419	-1.6027003921568628	17.0	16.0	0.7339312406576981	1.0	1.0	666.0	302.16	561.0	241.078	100.0	6.7268772658329095	2.079442487315774	2.550959850682782	62.0	-10.025752808988763	-13.706247191011238	3.6804943820224714	-9.426530612244898	-13.149387755102044	3.7228571428571424	-0.1848391942510593	-0.059768299514289025	0.011510073494907024	-0.17199301211915785	-0.2914466434474584	0.8362781173678154	2.2225880704421312	0.2719282511210762	0.2391046337817638	Bacteria	Actinobacteria	Actinobacteria
GCA_000724605	Actinotignum schaalii	59505	Bacteria; Actinobacteria; Actinomycetales; Actinomycetaceae; Actinotignum.	Bacteria_Actinobacteria_Actinobacteria_Actinobacteridae_Actinomycetales_Actinomycineae_Actinomycetaceae_Actinobaculum_schaalii_CCUG_27420	0.6271671750956515	0.6289954661259121	0.6182150313152401	1672.0	0.5894691882400399	0.8668822297534485	0.8384541144238009	2159306.0	287442.0	1810479.0	45.0	41.96145939219764	49.325894165223225	57.52449706202734	35.86378846981059	41.906007398533795	52.997443894030745	54.0	1.473320584126133	3.839519856833777	0.4950574818507662	1.4598528709688594	-4.348300418910835	-6.067592592592591	-2.105560849790547	-2.1601888888888894	18.0	17.0	0.7123205741626795	3.0	3.0	1067.0	494.34	994.0	498.256	100.0	5.025379719297279	2.705015256981388	3.435591231750625	285.0	-12.958562874251495	-17.978347305389217	5.019784431137724	-11.886792452830193	-17.501886792452833	5.615094339622642	-0.21264927213036566	-0.08270750636638086	0.11859272378156525	-0.07869783134505602	-0.1504257934348964	0.9782631022753667	2.3796669858649175	0.3425000000000001	0.2964976076555024	Bacteria	Actinobacteria	Actinobacteria
GCA_000725405	Dermacoccus nishinomiyaensis	1274	Bacteria; Actinobacteria; Micrococcales; Dermacoccaceae; Dermacoccus.	Bacteria_Actinobacteria_Actinobacteria_Actinobacteridae_Actinomycetales_Micrococcineae_Dermacoccaceae_Dermacoccus_nishinomiyaensis_M25	0.6939667754613084	0.6959217809147591	0.6646845915201655	2619.0	0.6746285727270317	0.8732408920241886	0.8493625498139498	3029021.0	383956.0	2572737.0	49.0	32.6474886866064	45.75120232291739	57.56820256675518	30.233342902215128	39.44295796679777	50.71703954349266	55.0	1.6568275471054716	3.3625100631393936	1.365060869387064	1.4240626334652238	-3.6467303284950265	-5.6561818181818175	-2.229379213139808	-2.1400621818181818	17.0	16.0	0.6861397479954181	3.0	3.0	1265.0	648.716	1347.0	835.4839999999999	99.9	3.5158452719628555	2.7958868917732085	3.3026041253286786	948.0	-16.709216061185472	-21.51843212237094	4.809216061185468	-13.416981132075472	-19.486792452830187	6.0698113207547175	-0.15342960110456505	-0.19703108255076482	0.26212073725348767	-0.11900950034557743	-0.13788149897341032	0.2917666777184076	1.9384474296741698	0.2353127147766323	0.19530966017563955	Bacteria	Actinobacteria	Actinobacteria
GCA_001042695	Scardovia inopinata JCM 12537	1150468	Bacteria; Actinobacteria; Bifidobacteriales; Bifidobacteriaceae; Scardovia.	Bacteria_Actinobacteria_Actinobacteria_Actinobacteridae_Bifidobacteriales_Bifidobacteriaceae_Scardovia_inopinata_F0304_genomic_scaffold_supercont1.1	0.4940229391170374	0.4952437866389942	0.5313957173253656	1363.0	0.4893565340147766	0.8759159490550442	0.8310587798173609	1797862.0	223086.0	1494129.0	45.0	53.07898711382917	53.295704957394065	58.26455490338388	44.36318778743914	44.02310193679966	53.825301915664966	51.0	1.6514611303960534	4.353956940146155	0.6429077783984859	1.844037107860097	-4.162870778267253	-5.8698039215686295	-1.7253051101321597	-2.0537427450980394	18.0	17.0	0.8297872340425532	2.0	2.0	907.0	379.594	799.0	302.48	100.0	5.477715076298983	2.590117023936979	3.3138491008231696	479.0	-8.951432770022043	-12.667288758265979	3.7158559882439386	-9.433333333333332	-14.358823529411767	4.925490196078432	-0.21839620781357053	0.05383502012383455	0.32553312390509226	-0.07619131382845411	-0.17398405796503033	1.0085533519975676	2.509919832286058	0.38694497432134994	0.36428466617754945	Bacteria	Actinobacteria	Actinobacteria
GCA_001042675	Parascardovia denticolens DSM 10105 = JCM 12538	864564	Bacteria; Actinobacteria; Bifidobacteriales; Bifidobacteriaceae; Parascardovia.	Bacteria_Actinobacteria_Actinobacteria_Actinobacteridae_Bifidobacteriales_Bifidobacteriaceae_Parascardovia_denticolens_DSM_10105_Contig1484	0.5934800561591282	0.5950766532322429	0.6	1488.0	0.5835924346868935	0.8756362855572897	0.8562101734821829	1890857.0	235154.0	1618971.0	44.0	42.998347013082494	49.0709149425399	57.89208841962574	36.148519385728065	41.05043688013724	52.489528000410175	49.0	1.6975580255005818	3.8588959165739847	0.4644922314572384	1.5913068411298317	-4.573349024882315	-5.792040816326529	-2.0407133422999344	-2.063374285714286	18.0	17.0	0.8810483870967742	2.0	2.0	1055.0	474.142	939.0	426.88199999999995	99.94	3.6508176790995712	2.6300527972649945	3.717451210026674	835.0	-10.472925353059852	-15.900248823133824	5.427323470073974	-10.157142857142857	-16.287755102040816	6.130612244897961	-0.29251181826643985	-0.030152272194390612	0.1295829848178187	-0.09332122171954794	-0.16344667858331807	1.2330657940433434	2.2675890754441532	0.39036155913978493	0.34416532258064525	Bacteria	Actinobacteria	Actinobacteria
GCA_001465855	Rathayibacter toxicus	145458	Bacteria; Actinobacteria; Micrococcales; Microbacteriaceae; Rathayibacter.	Bacteria_Actinobacteria_Actinobacteria_Actinobacteridae_Actinomycetales_Micrococcineae_Microbacteriaceae_Rathayibacter_toxicus_DSM_7488	0.6208183130393651	0.622557951128602	0.6144927536231884	2008.0	0.5760717180537049	0.8400712351749677	0.8038176802362457	2346032.0	375198.0	1885782.0	44.0	47.94193068639235	55.48278407233825	59.59482935880712	40.752507059573006	47.113316687758896	55.924092265682354	52.0	1.0863642703048175	3.571029935638972	0.5512707179490035	1.5089890630498248	-3.7565570503238686	-5.775384615384616	-2.0114391429995053	-2.07728	17.0	16.0	0.6329681274900398	2.0	2.0	1070.0	495.288	1023.0	549.898	100.0	6.286870638409178	3.1132098179479337	3.5800125614146827	803.0	-14.287422731804586	-17.43075772681954	3.1433349950149547	-11.449019607843141	-14.913725490196073	3.4647058823529417	-0.13039137027002123	-0.19866446015088532	0.10223882845692622	-0.061594892251877725	-0.1508480067198371	0.535093552355814	2.0620408725891473	0.286211155378486	0.23560856573705174	Bacteria	Actinobacteria	Actinobacteria
